Team,Conference,Current coach,DOB,Month,Day,Year,Since,M_D_DOB,Sign,Chinese Zodiac,Age
Alcorn State Braves,Southwestern Athletic Conference,Montez Robinson,1/17/1943,1,17,1943,2015–16,117,Capricorn,Goat,76
Syracuse Orange,Atlantic Coast Conference,Jim Boeheim,11/17/1944,11,17,1944,1976–77,1117,Scorpio,Monkey,75
Coastal Carolina Chanticleers,Sun Belt Conference,Cliff Ellis,12/5/1945,12,5,1945,2007–08,1205,Sagittarius,Rooster,74
Duke Blue Devils,Atlantic Coast Conference,Mike Krzyzewski,2/13/1947,2,13,1947,1980–81,213,Aquarius,Pig,72
Marshall Thundering Herd,Conference USA,Dan D'Antoni,7/9/1947,7,9,1947,2014–15,709,Cancer,Pig,72
Florida State Seminoles,Atlantic Coast Conference,Leonard Hamilton,8/4/1948,8,4,1948,2002–03,804,Leo,Rat,71
Lafayette Leopards,Patriot League,Fran O'Hanlon,8/24/1948,8,24,1948,1995–96,824,Virgo,Rat,71
Temple Owls,American Athletic Conference,Fran Dunphy,10/5/1948,10,5,1948,2006–07,1005,Libra,Rat,71
Idaho State Bengals,Big Sky Conference,Bill Evans,12/31/1948,12,31,1948,2012–13,1231,Capricorn,Rat,71
Miami Hurricanes,Atlantic Coast Conference,Jim Larrañaga,10/2/1949,10,2,1949,2011–12,1002,Libra,Ox,70
Davidson Wildcats,Atlantic 10 Conference,Bob McKillop,7/13/1950,7,13,1950,1989–90,713,Cancer,Tiger,69
North Carolina Tar Heels,Atlantic Coast Conference,Roy Williams,8/1/1950,8,1,1950,2003–04,801,Leo,Tiger,69
High Point Panthers,Big South Conference,Tubby Smith,6/30/1951,6,30,1951,2018–19,630,Cancer,Rabbit,68
Holy Cross Crusaders,Patriot League,Bill Carmody,12/4/1951,12,4,1951,2015–16,1204,Sagittarius,Rabbit,68
Kennesaw State Owls,Atlantic Sun Conference,Al Skinner,6/16/1952,6,16,1952,2015–16,616,Gemini,Dragon,67
Oklahoma Sooners,Big 12 Conference,Lon Kruger,8/19/1952,8,19,1952,2011–12,819,Leo,Dragon,67
Michigan Wolverines,Big Ten Conference,John Beilein,2/5/1953,2,5,1953,2007–08,205,Aquarius,Snake,66
Belmont Bruins,Ohio Valley Conference,Rick Byrd,4/30/1953,4,30,1953,1996–97,430,Taurus,Snake,66
West Virginia Mountaineers,Big 12 Conference,Bob Huggins,9/21/1953,9,21,1953,2007–08,921,Virgo,Snake,66
William & Mary Tribe,Colonial Athletic Association,Tony Shaver,1/28/1954,1,28,1954,2003–04,128,Aquarius,Horse,65
Tulane Green Wave,American Athletic Conference,Mike Dunleavy Sr.,3/21/1954,3,21,1954,2016–17,321,Aries,Horse,65
Florida A&M Rattlers,Mid-Eastern Athletic Conference,Robert McCullum,6/20/1954,6,20,1954,2017–18,620,Gemini,Horse,65
Tennessee Volunteers,Southeastern Conference,Rick Barnes,7/17/1954,7,17,1954,2015–16,717,Cancer,Horse,65
Saint Joseph's Hawks,Atlantic 10 Conference,Phil Martelli,8/31/1954,8,31,1954,1995–96,831,Virgo,Horse,65
Texas State Bobcats,Sun Belt Conference,Danny Kaspar,11/16/1954,11,16,1954,2013–14,1116,Scorpio,Horse,65
Washington State Cougars,Pac-12 Conference,Ernie Kent,1/22/1955,1,22,1955,2014–15,122,Aquarius,Goat,64
Michigan State Spartans,Big Ten Conference,Tom Izzo,1/30/1955,1,30,1955,1995–96,130,Aquarius,Goat,64
Houston Cougars,American Athletic Conference,Kelvin Sampson,10/5/1955,10,5,1955,2014–15,1005,Libra,Goat,64
Lamar Cardinals,Southland Conference,Tic Price,11/29/1955,11,29,1955,2014–15,1129,Sagittarius,Goat,64
Oakland Golden Grizzlies,Horizon League,Greg Kampe,12/5/1955,12,5,1955,1984–85,1205,Sagittarius,Goat,64
Northwestern State Demons,Southland Conference,Mike McConathy,12/27/1955,12,27,1955,1999–2000,1227,Capricorn,Goat,64
Hofstra Pride,Colonial Athletic Association,Joe Mihalich,8/29/1956,8,29,1956,2013–14,829,Virgo,Monkey,63
Kansas State Wildcats,Big 12 Conference,Bruce Weber,10/19/1956,10,19,1956,2012–13,1019,Libra,Monkey,63
Loyola Marymount Lions,West Coast Conference,Mike Dunlap,5/27/1957,5,27,1957,2014–15,527,Gemini,Rooster,62
Mississippi State Bulldogs,Southeastern Conference,Ben Howland,5/28/1957,5,28,1957,2015–16,528,Gemini,Rooster,62
Mercer Bears,Southern Conference,Bob Hoffman,7/18/1957,7,18,1957,2008–09,718,Cancer,Rooster,62
Sacramento State Hornets,Big Sky Conference,Brian Katz,11/15/1957,11,15,1957,2008–09,1115,Scorpio,Rooster,62
BYU Cougars,West Coast Conference,Dave Rose,12/19/1957,12,19,1957,2005–06,1219,Sagittarius,Rooster,62
New Hampshire Wildcats,America East Conference,Bill Herrion,4/6/1958,4,6,1958,2005–06,406,Aries,Dog,61
Oregon Ducks,Pac-12 Conference,Dana Altman,6/16/1958,6,16,1958,2010–11,616,Gemini,Dog,61
Duquesne Dukes,Atlantic 10 Conference,Keith Dambrot,10/26/1958,10,26,1958,2017–18,1026,Scorpio,Dog,61
Pepperdine Waves,West Coast Conference,Lorenzo Romar,11/13/1958,11,13,1958,2018–19,1113,Scorpio,Dog,61
Navy Midshipmen,Patriot League,Ed DeChellis,11/14/1958,11,14,1958,2011–12,1114,Scorpio,Dog,61
Kentucky Wildcats,Southeastern Conference,John Calipari,2/10/1959,2,10,1959,2009–10,210,Aquarius,Pig,60
Louisiana Ragin' Cajuns,Sun Belt Conference,Bob Marlin,3/5/1959,3,5,1959,2010–11,305,Pisces,Pig,60
Iona Gaels,Metro Atlantic Athletic Conference,Tim Cluess,3/9/1959,3,9,1959,2010–11,309,Pisces,Pig,60
Notre Dame Fighting Irish,Atlantic Coast Conference,Mike Brey,3/22/1959,3,22,1959,2000–01,322,Aries,Pig,60
Iowa Hawkeyes,Big Ten Conference,Fran McCaffery,5/23/1959,5,23,1959,2010–11,523,Gemini,Pig,60
SMU Mustangs,American Athletic Conference,Tim Jankovich,6/4/1959,6,4,1959,2016–17,604,Gemini,Pig,60
San Diego State Aztecs,Mountain West Conference,Brian Dutcher,10/30/1959,10,30,1959,2017–18,1030,Scorpio,Pig,60
Arkansas Razorbacks,Southeastern Conference,Mike Anderson,12/12/1959,12,12,1959,2011–12[a],1212,Sagittarius,Pig,60
Ole Miss Rebels,Southeastern Conference,Kermit Davis,12/14/1959,12,14,1959,2018–19,1214,Sagittarius,Pig,60
Western Kentucky Hilltoppers,Conference USA,Rick Stansbury,12/23/1959,12,23,1959,2016–17,1223,Capricorn,Pig,60
Auburn Tigers,Southeastern Conference,Bruce Pearl,3/18/1960,3,18,1960,2014–15,318,Pisces,Rat,59
Texas A&M–Corpus Christi Islanders,Southland Conference,Willis Wilson,3/22/1960,3,22,1960,2011–12,322,Aries,Rat,59
DePaul Blue Demons,Big East Conference,Dave Leitao,5/18/1960,5,18,1960,2015–16,518,Taurus,Rat,59
Southern Miss Golden Eagles,Conference USA,Doc Sadler,6/12/1960,6,12,1960,2014–15,612,Gemini,Rat,59
Weber State Wildcats,Big Sky Conference,Randy Rahe,6/12/1960,6,12,1960,2006–07,612,Gemini,Rat,59
Old Dominion Monarchs,Conference USA,Jeff Jones,6/29/1960,6,29,1960,2013–14,629,Cancer,Rat,59
Detroit Mercy Titans,Horizon League,Mike Davis,9/15/1960,9,15,1960,2018–19,915,Virgo,Rat,59
The Citadel Bulldogs,Southern Conference,Duggar Baucom,9/21/1960,9,21,1960,2015–16,921,Virgo,Rat,59
Louisiana–Monroe Warhawks,Sun Belt Conference,Keith Richard,10/1/1960,10,1,1960,2010–11,1001,Libra,Rat,59
Houston Baptist Huskies,Southland Conference,Ron Cottrell,10/11/1960,10,11,1960,2007–08,1011,Libra,Rat,59
Central Arkansas Bears,Southland Conference,Russ Pennell,11/28/1960,11,28,1960,2014–15,1128,Sagittarius,Rat,59
Canisius Golden Griffins,Metro Atlantic Athletic Conference,Reggie Witherspoon,2/21/1961,2,21,1961,2016–17,221,Pisces,Ox,58
Little Rock Trojans,Sun Belt Conference,Darrell Walker,3/9/1961,3,9,1961,2018–19,309,Pisces,Ox,58
Texas Southern Tigers,Southwestern Athletic Conference,Johnny Jones,3/30/1961,3,30,1961,2018–19,330,Aries,Ox,58
Fairleigh Dickinson Knights,Northeast Conference,Greg Herenda,4/2/1961,4,2,1961,2013–14,402,Aries,Ox,58
Northeastern Huskies,Colonial Athletic Association,Bill Coen,5/3/1961,5,3,1961,2006–07,503,Taurus,Ox,58
Southern Illinois Salukis,Missouri Valley Conference,Barry Hinson,5/12/1961,5,12,1961,2012–13,512,Taurus,Ox,58
Long Beach State 49ers,Big West Conference,Dan Monson,10/6/1961,10,6,1961,2007–08,1006,Libra,Ox,58
Jacksonville State Gamecocks,Ohio Valley Conference,Ray Harper,10/11/1961,10,11,1961,2016–17,1011,Libra,Ox,58
UNLV Runnin' Rebels,Mountain West Conference,Marvin Menzies,10/15/1961,10,15,1961,2016–17,1015,Libra,Ox,58
Villanova Wildcats,Big East Conference,Jay Wright,12/24/1961,12,24,1961,2001–02,1224,Capricorn,Ox,58
Penn Quakers,Ivy League,Steve Donahue,5/21/1962,5,21,1962,2015–16,521,Gemini,Tiger,57
Saint Mary's Gaels,West Coast Conference,Randy Bennett,6/9/1962,6,9,1962,2001–02,609,Gemini,Tiger,57
Western Michigan Broncos,Mid-American Conference,Steve Hawkins,8/3/1962,8,3,1962,2003–04,803,Leo,Tiger,57
Georgetown Hoyas,Big East Conference,Patrick Ewing,8/5/1962,8,5,1962,2017–18,805,Leo,Tiger,57
Alabama State Hornets,Southwestern Athletic Conference,Lewis Jackson,8/13/1962,8,13,1962,2005–06,813,Leo,Tiger,57
UIC Flames,Horizon League,Steve McClain,8/15/1962,8,15,1962,2015–16,815,Leo,Tiger,57
Cal Poly Mustangs,Big West Conference,Joe Callero,8/26/1962,8,26,1962,2009–10,826,Virgo,Tiger,57
Gonzaga Bulldogs,West Coast Conference,Mark Few,12/27/1962,12,27,1962,1999–2000,1227,Capricorn,Tiger,57
Kansas Jayhawks,Big 12 Conference,Bill Self,12/27/1962,12,27,1962,2003–04,1227,Capricorn,Tiger,57
Colorado Buffaloes,Pac-12 Conference,Tad Boyle,1/6/1963,1,6,1963,2010–11,106,Capricorn,Rabbit,56
St. Bonaventure Bonnies,Atlantic 10 Conference,Mark Schmidt,2/12/1963,2,12,1963,2007–08,212,Aquarius,Rabbit,56
Santa Clara Broncos,West Coast Conference,Herb Sendek,2/22/1963,2,22,1963,2016–17,222,Pisces,Rabbit,56
Wichita State Shockers,American Athletic Conference,Gregg Marshall,2/27/1963,2,27,1963,2007–08,227,Pisces,Rabbit,56
Portland Pilots,West Coast Conference,Terry Porter,4/8/1963,4,8,1963,2016–17,408,Aries,Rabbit,56
Wofford Terriers,Southern Conference,Mike Young,5/1/1963,5,1,1963,2002–03,501,Taurus,Rabbit,56
Cleveland State Vikings,Horizon League,Dennis Felton,6/21/1963,6,21,1963,2017–18,621,Cancer,Rabbit,56
St. John's Red Storm,Big East Conference,Chris Mullin,7/30/1963,7,30,1963,2015–16,730,Leo,Rabbit,56
UC Davis Aggies,Big West Conference,Jim Les,8/18/1963,8,18,1963,2011–12,818,Leo,Rabbit,56
UCF Knights,American Athletic Conference,Johnny Dawkins,9/28/1963,9,28,1963,2016–17,928,Libra,Rabbit,56
Niagara Purple Eagles,Metro Atlantic Athletic Conference,Chris Casey,10/15/1963,10,15,1963,2013–14,1015,Libra,Rabbit,56
Boise State Broncos,Mountain West Conference,Leon Rice,11/25/1963,11,25,1963,2010–11,1125,Sagittarius,Rabbit,56
Morgan State Bears,Mid-Eastern Athletic Conference,Todd Bozeman,12/5/1963,12,5,1963,2006–07,1205,Sagittarius,Rabbit,56
Illinois Fighting Illini,Big Ten Conference,Brad Underwood,12/14/1963,12,14,1963,2017–18,1214,Sagittarius,Rabbit,56
Cal State Northridge Matadors,Big West Conference,Mark Gottfried,1/20/1964,1,20,1964,2018–19,120,Aquarius,Dragon,55
Air Force Falcons,Mountain West Conference,Dave Pilipovich,1/28/1964,1,28,1964,2012–13,128,Aquarius,Dragon,55
Texas A&M Aggies,Southeastern Conference,Billy Kennedy,2/2/1964,2,2,1964,2011–12,202,Aquarius,Dragon,55
Yale Bulldogs,Ivy League,James Jones,2/20/1964,2,20,1964,1999–2000,220,Pisces,Dragon,55
Savannah State Tigers,Mid-Eastern Athletic Conference,Horace Broadnax,3/22/1964,3,22,1964,2005–06,322,Aries,Dragon,55
Georgia State Panthers,Sun Belt Conference,Ron Hunter,4/7/1964,4,7,1964,2011–12,407,Aries,Dragon,55
George Mason Patriots,Atlantic 10 Conference,Dave Paulsen,9/14/1964,9,14,1964,2015–16,914,Virgo,Dragon,55
St. Francis Brooklyn Terriers,Northeast Conference,Glenn Braica,9/16/1964,9,16,1964,2010–11,916,Virgo,Dragon,55
Utah Utes,Pac-12 Conference,Larry Krystkowiak,9/23/1964,9,23,1964,2011–12,923,Libra,Dragon,55
Howard Bison,Mid-Eastern Athletic Conference,Kevin Nickelberry,10/15/1964,10,15,1964,2010–11,1015,Libra,Dragon,55
Nevada Wolf Pack,Mountain West Conference,Eric Musselman,11/19/1964,11,19,1964,2015–16,1119,Scorpio,Dragon,55
UCLA Bruins,Pac-12 Conference,Steve Alford,11/23/1964,11,23,1964,2013–14,1123,Sagittarius,Dragon,55
Creighton Bluejays,Big East Conference,Greg McDermott,11/25/1964,11,25,1964,2010–11,1125,Sagittarius,Dragon,55
North Florida Ospreys,Atlantic Sun Conference,Matthew Driscoll,12/14/1964,12,14,1964,2009–10,1214,Sagittarius,Dragon,55
Maryland Terrapins,Big Ten Conference,Mark Turgeon,2/5/1965,2,5,1965,2011–12,205,Aquarius,Snake,54
Boston College Eagles,Atlantic Coast Conference,Jim Christian,2/6/1965,2,6,1965,2014–15,206,Aquarius,Snake,54
East Tennessee State Buccaneers,Southern Conference,Steve Forbes,3/22/1965,3,22,1965,2015–16,322,Aries,Snake,54
Alabama Crimson Tide,Southeastern Conference,Avery Johnson,3/25/1965,3,25,1965,2015–16,325,Aries,Snake,54
Maryland Eastern Shore Hawks,Mid-Eastern Athletic Conference,Clifford Reed,4/12/1965,4,12,1965,2018–19,412,Aries,Snake,54
Liberty Flames,Atlantic Sun Conference,Ritchie McKay,4/22/1965,4,22,1965,2015–16,422,Taurus,Snake,54
Radford Highlanders,Big South Conference,Mike Jones,4/30/1965,4,30,1965,2011–12,430,Taurus,Snake,54
Harvard Crimson,Ivy League,Tommy Amaker,6/6/1965,6,6,1965,2007–08,606,Gemini,Snake,54
Idaho Vandals,Big Sky Conference,Don Verlin,6/15/1965,6,15,1965,2008–09,615,Gemini,Snake,54
Arkansas–Pine Bluff Golden Lions,Southwestern Athletic Conference,George Ivory,8/7/1965,8,7,1965,2008–09,807,Leo,Snake,54
Grand Canyon Antelopes,Western Athletic Conference,Dan Majerle,9/9/1965,9,9,1965,2013–14,909,Virgo,Snake,54
Charleston Southern Buccaneers,Big South Conference,Barclay Radebaugh,9/14/1965,9,14,1965,2005–06,914,Virgo,Snake,54
Tulsa Golden Hurricane,American Athletic Conference,Frank Haith,11/3/1965,11,3,1965,2014–15,1103,Scorpio,Snake,54
Boston University Terriers,Patriot League,Joe Jones,11/9/1965,11,9,1965,2011–12,1109,Scorpio,Snake,54
TCU Horned Frogs,Big 12 Conference,Jamie Dixon,11/10/1965,11,10,1965,2016–17,1110,Scorpio,Snake,54
Southeastern Louisiana Lions,Southland Conference,Jay Ladner,12/8/1965,12,8,1965,2014–15,1208,Sagittarius,Snake,54
Montana State Bobcats,Big Sky Conference,Brian Fish,12/20/1965,12,20,1965,2014–15,1220,Sagittarius,Snake,54
Cal State Bakersfield Roadrunners,Western Athletic Conference,Rod Barnes,1/8/1966,1,8,1966,2011–12,108,Capricorn,Horse,53
Oregon State Beavers,Pac-12 Conference,Wayne Tinkle,1/26/1966,1,26,1966,2014–15,126,Aquarius,Horse,53
East Carolina Pirates,American Athletic Conference,Joe Dooley,1/29/1966,1,29,1966,2018–19[b],129,Aquarius,Horse,53
South Carolina Gamecocks,Southeastern Conference,Frank Martin,3/23/1966,3,23,1966,2012–13,323,Aries,Horse,53
Georgia Bulldogs,Southeastern Conference,Tom Crean,3/25/1966,3,25,1966,2018–19,325,Aries,Horse,53
Dayton Flyers,Atlantic 10 Conference,Anthony Grant,4/15/1966,4,15,1966,2017–18,415,Aries,Horse,53
Rider Broncs,Metro Atlantic Athletic Conference,Kevin Baggett,5/3/1966,5,3,1966,2012–13,503,Taurus,Horse,53
Wake Forest Demon Deacons,Atlantic Coast Conference,Danny Manning,5/17/1966,5,17,1966,2014–15,517,Taurus,Horse,53
Wright State Raiders,Horizon League,Scott Nagy,6/7/1966,6,7,1966,2016–17,607,Gemini,Horse,53
Toledo Rockets,Mid-American Conference,Tod Kowalczyk,6/19/1966,6,19,1966,2010–11,619,Gemini,Horse,53
Nebraska Cornhuskers,Big Ten Conference,Tim Miles,8/20/1966,8,20,1966,2012–13,820,Leo,Horse,53
Troy Trojans,Sun Belt Conference,Phil Cunningham,10/17/1966,10,17,1966,2013–14,1017,Libra,Horse,53
South Florida Bulls,American Athletic Conference,Brian Gregory,12/15/1966,12,15,1966,2017–18,1215,Sagittarius,Horse,53
South Carolina Upstate Spartans,Big South Conference,Dave Dickerson,3/29/1967,3,29,1967,2018–19,329,Aries,Goat,52
Seattle Redhawks,Western Athletic Conference,Jim Hayford,5/5/1967,5,5,1967,2017–18,505,Taurus,Goat,52
Rice Owls,Conference USA,Scott Pera,8/27/1967,8,27,1967,2017–18,827,Virgo,Goat,52
Rutgers Scarlet Knights,Big Ten Conference,Steve Pikiell,11/21/1967,11,21,1967,2016–17,1121,Scorpio,Goat,52
Indiana State Sycamores,Missouri Valley Conference,Greg Lansing,12/9/1967,12,9,1967,2010–11,1209,Sagittarius,Goat,52
Omaha Mavericks,Summit League,Derrin Hansen,12/15/1967,12,15,1967,2011–12,1215,Sagittarius,Goat,52
Stephen F. Austin Lumberjacks,Southland Conference,Kyle Keller,1/16/1968,1,16,1968,2016–17,116,Capricorn,Monkey,51
UTSA Roadrunners,Conference USA,Steve Henson,2/2/1968,2,2,1968,2016–17,202,Aquarius,Monkey,51
Tennessee Tech Golden Eagles,Ohio Valley Conference,Steve Payne,2/12/1968,2,12,1968,2011–12,212,Aquarius,Monkey,51
UTEP Miners,Conference USA,Rodney Terry,3/27/1968,3,27,1968,2018–19,327,Aries,Monkey,51
Vermont Catamounts,America East Conference,John Becker,4/17/1968,4,17,1968,2011–12,417,Aries,Monkey,51
Columbia Lions,Ivy League,Jim Engles,8/18/1968,8,18,1968,2016–17,818,Leo,Monkey,51
Loyola (Chicago) Ramblers,Missouri Valley Conference,Porter Moser,8/24/1968,8,24,1968,2011–12,824,Virgo,Monkey,51
Army Black Knights,Patriot League,Jimmy Allen,10/10/1968,10,10,1968,2016–17,1010,Libra,Monkey,51
Austin Peay Governors,Ohio Valley Conference,Matt Figger,10/10/1968,10,10,1968,2017–18,1010,Libra,Monkey,51
Charlotte 49ers,Conference USA,Ron Sanchez,10/10/1968,10,10,1968,2018–19,1010,Libra,Monkey,51
Chattanooga Mocs,Southern Conference,Lamont Paris,10/10/1968,10,10,1968,2017–18,1010,Libra,Monkey,51
Chicago State Cougars,Western Athletic Conference,Lance Irvin,10/10/1968,10,10,1968,2018–19,1010,Libra,Monkey,51
Cornell Big Red,Ivy League,Brian Earl,10/10/1968,10,10,1968,2016–17,1010,Libra,Monkey,51
Dartmouth Big Green,Ivy League,David McLaughlin,10/10/1968,10,10,1968,2016–17,1010,Libra,Monkey,51
Delaware State Hornets,Mid-Eastern Athletic Conference,Eric Skeeters,10/10/1968,10,10,1968,2018–19,1010,Libra,Monkey,51
Florida Atlantic Owls,Conference USA,Dusty May,10/10/1968,10,10,1968,2018–19,1010,Libra,Monkey,51
Jackson State Tigers,Southwestern Athletic Conference,Wayne Brent,10/10/1968,10,10,1968,2013–14,1010,Libra,Monkey,51
La Salle Explorers,Atlantic 10 Conference,Ashley Howard,10/10/1968,10,10,1968,2018–19,1010,Libra,Monkey,51
Longwood Lancers,Big South Conference,Griff Aldrich,10/10/1968,10,10,1968,2018–19,1010,Libra,Monkey,51
Mississippi Valley State Delta Devils,Southwestern Athletic Conference,Andre Payne,10/10/1968,10,10,1968,2014–15,1010,Libra,Monkey,51
Mount St. Mary's Mountaineers,Northeast Conference,Dan Engelstad,10/10/1968,10,10,1968,2018–19,1010,Libra,Monkey,51
NJIT Highlanders,Atlantic Sun Conference,Brian Kennedy,10/10/1968,10,10,1968,2016–17,1010,Libra,Monkey,51
North Alabama Lions,Atlantic Sun Conference,Tony Pujol,10/10/1968,10,10,1968,2018–19,1010,Libra,Monkey,51
North Carolina A&T Aggies,Mid-Eastern Athletic Conference,Jay Joyner,10/10/1968,10,10,1968,2015–16,1010,Libra,Monkey,51
Northern Colorado Bears,Big Sky Conference,Jeff Linder,10/10/1968,10,10,1968,2016–17,1010,Libra,Monkey,51
Presbyterian Blue Hose,Big South Conference,Dustin Kerns,10/10/1968,10,10,1968,2017–18,1010,Libra,Monkey,51
SIU Edwardsville Cougars,Ohio Valley Conference,Jon Harris,10/10/1968,10,10,1968,2015–16,1010,Libra,Monkey,51
South Dakota Coyotes,Summit League,Todd Lee,10/10/1968,10,10,1968,2018–19,1010,Libra,Monkey,51
UTRGV Vaqueros,Western Athletic Conference,Lew Hill,10/10/1968,10,10,1968,2016–17,1010,Libra,Monkey,51
Western Carolina Catamounts,Southern Conference,Mark Prosser,10/10/1968,10,10,1968,2018–19,1010,Libra,Monkey,51
Clemson Tigers,Atlantic Coast Conference,Brad Brownell,11/15/1968,11,15,1968,2010–11,1115,Scorpio,Monkey,51
Arizona Wildcats,Pac-12 Conference,Sean Miller,11/17/1968,11,17,1968,2009–10,1117,Scorpio,Monkey,51
Monmouth Hawks,Metro Atlantic Athletic Conference,King Rice,12/14/1968,12,14,1968,2011–12,1214,Sagittarius,Monkey,51
Maine Black Bears,America East Conference,Richard Barron,2/3/1969,2,3,1969,2018–19,203,Aquarius,Rooster,50
New Mexico State Aggies,Western Athletic Conference,Chris Jans,4/12/1969,4,12,1969,2017–18,412,Aries,Rooster,50
Sam Houston State Bearkats,Southland Conference,Jason Hooten,4/20/1969,4,20,1969,2010–11,420,Taurus,Rooster,50
Virginia Cavaliers,Atlantic Coast Conference,Tony Bennett,6/1/1969,6,1,1969,2009–10,601,Gemini,Rooster,50
USC Trojans,Pac-12 Conference,Andy Enfield,6/8/1969,6,8,1969,2013–14,608,Gemini,Rooster,50
San Francisco Dons,West Coast Conference,Kyle Smith,6/15/1969,6,15,1969,2016–17,615,Gemini,Rooster,50
Washington Huskies,Pac-12 Conference,Mike Hopkins,8/6/1969,8,6,1969,2017–18,806,Leo,Rooster,50
Providence Friars,Big East Conference,Ed Cooley,9/10/1969,9,10,1969,2011–12,910,Virgo,Rooster,50
Prairie View A&M Panthers,Southwestern Athletic Conference,Byron Smith,9/26/1969,9,26,1969,2015–16,926,Libra,Rooster,50
Saint Louis Billikens,Atlantic 10 Conference,Travis Ford,12/29/1969,12,29,1969,2016–17,1229,Capricorn,Rooster,50
Louisville Cardinals,Atlantic Coast Conference,Chris Mack,12/30/1969,12,30,1969,2018–19,1230,Capricorn,Rooster,50
Towson Tigers,Colonial Athletic Association,Pat Skerry,1/21/1970,1,21,1970,2011–12,121,Aquarius,Dog,49
Elon Phoenix,Colonial Athletic Association,Matt Matheny,2/11/1970,2,11,1970,2009–10,211,Aquarius,Dog,49
Southern Jaguars,Southwestern Athletic Conference,Sean Woods,3/29/1970,3,29,1970,2018–19,329,Aries,Dog,49
San Jose State Spartans,Mountain West Conference,Jean Prioleau,3/30/1970,3,30,1970,2017–18,330,Aries,Dog,49
Northern Illinois Huskies,Mid-American Conference,Mark Montgomery,4/1/1970,4,1,1970,2011–12,401,Aries,Dog,49
UT Martin Skyhawks,Ohio Valley Conference,Anthony Stewart,4/15/1970,4,15,1970,2016–17,415,Aries,Dog,49
Stetson Hatters,Atlantic Sun Conference,Corey Williams,4/24/1970,4,24,1970,2013–14,424,Taurus,Dog,49
Southeast Missouri State Redhawks,Ohio Valley Conference,Rick Ray,5/8/1970,5,8,1970,2015–16,508,Taurus,Dog,49
Marist Red Foxes,Metro Atlantic Athletic Conference,John Dunne,6/11/1970,6,11,1970,2018–19,611,Gemini,Dog,49
Bowling Green Falcons,Mid-American Conference,Michael Huger,6/27/1970,6,27,1970,2015–16,627,Cancer,Dog,49
Purdue Boilermakers,Big Ten Conference,Matt Painter,8/27/1970,8,27,1970,2005–06,827,Virgo,Dog,49
Eastern Illinois Panthers,Ohio Valley Conference,Jay Spoonhour,10/14/1970,10,14,1970,2012–13,1014,Libra,Dog,49
Baylor Bears,Big 12 Conference,Scott Drew,10/23/1970,10,23,1970,2003–04,1023,Scorpio,Dog,49
UC Irvine Anteaters,Big West Conference,Russell Turner,10/24/1970,10,24,1970,2010–11,1024,Scorpio,Dog,49
UMass Lowell River Hawks,America East Conference,Pat Duquette,11/4/1970,11,4,1970,2013–14,1104,Scorpio,Dog,49
Montana Grizzlies,Big Sky Conference,Travis DeCuire,11/21/1970,11,21,1970,2014–15,1121,Scorpio,Dog,49
Wisconsin Badgers,Big Ten Conference,Greg Gard,12/3/1970,12,3,1970,2015–16,1203,Sagittarius,Dog,49
Green Bay Phoenix,Horizon League,Linc Darner,12/12/1970,12,12,1970,2015–16,1212,Sagittarius,Dog,49
Penn State Nittany Lions,Big Ten Conference,Pat Chambers,12/13/1970,12,13,1970,2011–12,1213,Sagittarius,Dog,49
Northern Iowa Panthers,Missouri Valley Conference,Ben Jacobson,12/16/1970,12,16,1970,2006–07,1216,Sagittarius,Dog,49
Fordham Rams,Atlantic 10 Conference,Jeff Neubauer,1/27/1971,1,27,1971,2015–16,127,Aquarius,Pig,48
Portland State Vikings,Big Sky Conference,Barret Peery,4/3/1971,4,3,1971,2017–18,403,Aries,Pig,48
North Dakota Fighting Hawks,Summit League,Brian Jones,4/22/1971,4,22,1971,2006–07,422,Taurus,Pig,48
Arizona State Sun Devils,Pac-12 Conference,Bobby Hurley,6/28/1971,6,28,1971,2015–16,628,Cancer,Pig,48
Cincinnati Bearcats,American Athletic Conference,Mick Cronin,7/17/1971,7,17,1971,2006–07,717,Cancer,Pig,48
Memphis Tigers,American Athletic Conference,Penny Hardaway,7/18/1971,7,18,1971,2018–19,718,Cancer,Pig,48
Ball State Cardinals,Mid-American Conference,James Whitford,7/23/1971,7,23,1971,2013–14,723,Leo,Pig,48
Akron Zips,Mid-American Conference,John Groce,9/7/1971,9,7,1971,2017–18,907,Virgo,Pig,48
Missouri Tigers,Southeastern Conference,Cuonzo Martin,9/23/1971,9,23,1971,2017–18,923,Libra,Pig,48
Albany Great Danes,America East Conference,Will Brown,10/8/1971,10,8,1971,2001–02,1008,Libra,Pig,48
Fresno State Bulldogs,Mountain West Conference,Justin Hutson,10/16/1971,10,16,1971,2018–19,1016,Libra,Pig,48
Ohio State Buckeyes,Big Ten Conference,Chris Holtmann,11/11/1971,11,11,1971,2017–18,1111,Scorpio,Pig,48
Central Michigan Chippewas,Mid-American Conference,Keno Davis,3/10/1972,3,10,1972,2012–13,310,Pisces,Rat,47
McNeese State Cowboys,Southland Conference,Heath Schroyer,3/15/1972,3,15,1972,2018–19,315,Pisces,Rat,47
Oral Roberts Golden Eagles,Summit League,Paul Mills,4/4/1972,4,4,1972,2017–18,404,Aries,Rat,47
American Eagles,Patriot League,Mike Brennan,5/18/1972,5,18,1972,2013–14,518,Taurus,Rat,47
Lehigh Mountain Hawks,Patriot League,Brett Reed,5/29/1972,5,29,1972,2007–08,529,Gemini,Rat,47
Lipscomb Bisons,Atlantic Sun Conference,Casey Alexander,6/8/1972,6,8,1972,2013–14,608,Gemini,Rat,47
Hampton Pirates,Big South Conference,Edward Joyner,6/28/1972,6,28,1972,2009–10,628,Cancer,Rat,47
NC State Wolfpack,Atlantic Coast Conference,Kevin Keatts,7/28/1972,7,28,1972,2017–18,728,Leo,Rat,47
Richmond Spiders,Atlantic 10 Conference,Chris Mooney,8/7/1972,8,7,1972,2005–06,807,Leo,Rat,47
Milwaukee Panthers,Horizon League,Pat Baldwin,8/22/1972,8,22,1972,2017–18,822,Leo,Rat,47
Virginia Tech Hokies,Atlantic Coast Conference,Buzz Williams,9/1/1972,9,1,1972,2014–15,901,Virgo,Rat,47
Stony Brook Seawolves,America East Conference,Jeff Boals,9/5/1972,9,5,1972,2016–17,905,Virgo,Rat,47
Utah Valley Wolverines,Western Athletic Conference,Mark Pope,9/11/1972,9,11,1972,2015–16,911,Virgo,Rat,47
VCU Rams,Atlantic 10 Conference,Mike Rhoades,9/21/1972,9,21,1972,2017–18,921,Virgo,Rat,47
Ohio Bobcats,Mid-American Conference,Saul Phillips,10/10/1972,10,10,1972,2014–15,1010,Libra,Rat,47
Utah State Aggies,Mountain West Conference,Craig Smith,12/14/1972,12,14,1972,2018–19,1214,Sagittarius,Rat,47
James Madison Dukes,Colonial Athletic Association,Louis Rowe,12/26/1972,12,26,1972,2016–17,1226,Capricorn,Rat,47
California Golden Bears,Pac-12 Conference,Wyking Jones,1/8/1973,1,8,1973,2017–18,108,Capricorn,Ox,46
Connecticut Huskies,American Athletic Conference,Dan Hurley,1/16/1973,1,16,1973,2018–19,116,Capricorn,Ox,46
Texas Tech Red Raiders,Big 12 Conference,Chris Beard,2/18/1973,2,18,1973,2016–17,218,Aquarius,Ox,46
Central Connecticut Blue Devils,Northeast Conference,Donyell Marshall,5/18/1973,5,18,1973,2016–17,518,Taurus,Ox,46
LIU Brooklyn Blackbirds,Northeast Conference,Derek Kellogg,6/20/1973,6,20,1973,2017–18,620,Gemini,Ox,46
Kent State Golden Flashes,Mid-American Conference,Rob Senderoff,7/25/1973,7,25,1973,2011–12,725,Leo,Ox,46
Purdue Fort Wayne Mastodons,Summit League,Jon Coffman,7/28/1973,7,28,1973,2014–15,728,Leo,Ox,46
Colorado State Rams,Mountain West Conference,Niko Medved,8/10/1973,8,10,1973,2018–19,810,Leo,Ox,46
Pacific Tigers,West Coast Conference,Damon Stoudamire,9/3/1973,9,3,1973,2016–17,903,Virgo,Ox,46
Eastern Michigan Eagles,Mid-American Conference,Rob Murphy,9/19/1973,9,19,1973,2011–12,919,Virgo,Ox,46
Appalachian State Mountaineers,Sun Belt Conference,Jim Fox,10/2/1973,10,2,1973,2014–15,1002,Libra,Ox,46
Rhode Island Rams,Atlantic 10 Conference,David Cox,10/17/1973,10,17,1973,2018–19,1017,Libra,Ox,46
Campbell Fighting Camels,Big South Conference,Kevin McGeehan,10/30/1973,10,30,1973,2013–14,1030,Scorpio,Ox,46
Sacred Heart Pioneers,Northeast Conference,Anthony Latina,12/13/1973,12,13,1973,2013–14,1213,Sagittarius,Ox,46
Northern Kentucky Norse,Horizon League,John Brannen,1/18/1974,1,18,1974,2015–16,118,Capricorn,Tiger,45
South Carolina State Bulldogs,Mid-Eastern Athletic Conference,Murray Garvin,1/25/1974,1,25,1974,2012–13,125,Aquarius,Tiger,45
Binghamton Bearcats,America East Conference,Tommy Dempsey,1/27/1974,1,27,1974,2012–13,127,Aquarius,Tiger,45
Evansville Purple Aces,Missouri Valley Conference,Walter McCarty,2/1/1974,2,1,1974,2018–19,201,Aquarius,Tiger,45
Bucknell Bison,Patriot League,Nathan Davis,3/25/1974,3,25,1974,2015–16,325,Aries,Tiger,45
Stanford Cardinal,Pac-12 Conference,Jerod Haase,4/1/1974,4,1,1974,2016–17,401,Aries,Tiger,45
Northwestern Wildcats,Big Ten Conference,Chris Collins,4/19/1974,4,19,1974,2013–14,419,Aries,Tiger,45
Fairfield Stags,Metro Atlantic Athletic Conference,Sydney Johnson,4/26/1974,4,26,1974,2011–12,426,Taurus,Tiger,45
Cal State Fullerton Titans,Big West Conference,Dedrique Taylor,5/1/1974,5,1,1974,2013–14,501,Taurus,Tiger,45
New Orleans Privateers,Southland Conference,Mark Slessinger,5/2/1974,5,2,1974,2011–12,502,Taurus,Tiger,45
North Carolina Central Eagles,Mid-Eastern Athletic Conference,LeVelle Moton,6/16/1974,6,16,1974,2009–10,616,Gemini,Tiger,45
UMBC Retrievers,America East Conference,Ryan Odom,7/11/1974,7,11,1974,2016–17,711,Cancer,Tiger,45
Iowa State Cyclones,Big 12 Conference,Steve Prohm,7/12/1974,7,12,1974,2015–16,712,Cancer,Tiger,45
UMKC Kangaroos,Western Athletic Conference,Kareem Richardson,8/8/1974,8,8,1974,2013–14,808,Leo,Tiger,45
Western Illinois Leathernecks,Summit League,Billy Wright,9/15/1974,9,15,1974,2014–15,915,Virgo,Tiger,45
Vanderbilt Commodores,Southeastern Conference,Bryce Drew,9/21/1974,9,21,1974,2016–17,921,Virgo,Tiger,45
VMI Keydets,Southern Conference,Dan Earl,10/12/1974,10,12,1974,2015–16,1012,Libra,Tiger,45
Buffalo Bulls,Mid-American Conference,Nate Oats,10/13/1974,10,13,1974,2015–16,1013,Libra,Tiger,45
Pittsburgh Panthers,Atlantic Coast Conference,Jeff Capel III,2/12/1975,2,12,1975,2018–19,212,Aquarius,Rabbit,44
Seton Hall Pirates,Big East Conference,Kevin Willard,4/6/1975,4,6,1975,2010–11,406,Aries,Rabbit,44
Drake Bulldogs,Missouri Valley Conference,Darian DeVries,4/7/1975,4,7,1975,2018–19,407,Aries,Rabbit,44
Winthrop Eagles,Big South Conference,Pat Kelsey,5/15/1975,5,15,1975,2012–13,515,Taurus,Rabbit,44
Princeton Tigers,Ivy League,Mitch Henderson,8/14/1975,8,14,1975,2011–12,814,Leo,Rabbit,44
Abilene Christian Wildcats,Southland Conference,Joe Golding,10/15/1975,10,15,1975,2011–12,1015,Libra,Rabbit,44
UNC Wilmington Seahawks,Colonial Athletic Association,C.B. McGrath,11/21/1975,11,21,1975,2017–18,1121,Scorpio,Rabbit,44
Wyoming Cowboys,Mountain West Conference,Allen Edwards,12/16/1975,12,16,1975,2016–17,1216,Sagittarius,Rabbit,44
Illinois State Redbirds,Missouri Valley Conference,Dan Muller,2/21/1976,2,21,1976,2012–13,221,Pisces,Dragon,43
UC Riverside Highlanders,Big West Conference,David Patrick,2/21/1976,2,21,1976,2018–19,221,Pisces,Dragon,43
Samford Bulldogs,Southern Conference,Scott Padgett,4/19/1976,4,19,1976,2014–15,419,Taurus,Dragon,43
Georgia Southern Eagles,Sun Belt Conference,Mark Byington,4/22/1976,4,22,1976,2013–14,422,Taurus,Dragon,43
Marquette Golden Eagles,Big East Conference,Steve Wojciechowski,8/11/1976,8,11,1976,2014–15,811,Leo,Dragon,43
Drexel Dragons,Colonial Athletic Association,Zach Spiker,9/30/1976,9,30,1976,2016–17,930,Libra,Dragon,43
Saint Peter's Peacocks,Metro Atlantic Athletic Conference,Shaheen Holloway,10/7/1976,10,7,1976,2018–19,1007,Libra,Dragon,43
North Texas Mean Green,Conference USA,Grant McCasland,10/14/1976,10,14,1976,2017–18,1014,Libra,Dragon,43
Louisiana Tech Bulldogs,Conference USA,Eric Konkol,11/24/1976,11,24,1976,2015–16,1124,Sagittarius,Dragon,43
Charleston Cougars,Colonial Athletic Association,Earl Grant,12/25/1976,12,25,1976,2014–15,1225,Capricorn,Dragon,43
Gardner–Webb Runnin' Bulldogs,Big South Conference,Tim Craft,2/3/1977,2,3,1977,2013–14,203,Aquarius,Snake,42
Florida Gators,Southeastern Conference,Michael White,3/2/1977,3,2,1977,2015–16,302,Pisces,Snake,42
Miami RedHawks,Mid-American Conference,Jack Owens,4/3/1977,4,3,1977,2017–18,403,Aries,Snake,42
Texas Longhorns,Big 12 Conference,Shaka Smart,4/8/1977,4,8,1977,2015–16,408,Aries,Snake,42
UC Santa Barbara Gauchos,Big West Conference,Joe Pasternack,4/15/1977,4,15,1977,2017–18,415,Aries,Snake,42
Incarnate Word Cardinals,Southland Conference,Carson Cunningham,5/7/1977,5,7,1977,2018–19,507,Taurus,Snake,42
Hartford Hawks,America East Conference,John Gallagher,5/27/1977,5,27,1977,2010–11,527,Gemini,Snake,42
California Baptist Lancers,Western Athletic Conference,Rick Croy,7/19/1977,7,19,1977,2013–14,719,Cancer,Snake,42
Manhattan Jaspers,Metro Atlantic Athletic Conference,Steve Masiello,9/2/1977,9,2,1977,2011–12,902,Virgo,Snake,42
South Dakota State Jackrabbits,Summit League,T. J. Otzelberger,9/17/1977,9,17,1977,2016–17,917,Virgo,Snake,42
Georgia Tech Yellow Jackets,Atlantic Coast Conference,Josh Pastner,9/26/1977,9,26,1977,2016–17,926,Libra,Snake,42
Saint Francis Red Flash,Northeast Conference,Rob Krimmel,9/27/1977,9,27,1977,2012–13,927,Libra,Snake,42
San Diego Toreros,West Coast Conference,Sam Scholl,11/11/1977,11,11,1977,2018–19,1111,Scorpio,Snake,42
Colgate Raiders,Patriot League,Matt Langel,11/21/1977,11,21,1977,2011–12,1121,Scorpio,Snake,42
Jacksonville Dolphins,Atlantic Sun Conference,Tony Jasick,4/17/1978,4,17,1978,2014–15,417,Aries,Horse,41
Murray State Racers,Ohio Valley Conference,Matt McMahon,4/26/1978,4,26,1978,2015–16,426,Taurus,Horse,41
North Dakota State Bison,Summit League,David Richman,5/1/1978,5,1,1978,2014–15,501,Taurus,Horse,41
Coppin State Eagles,Mid-Eastern Athletic Conference,Juan Dixon,10/9/1978,10,9,1978,2017–18,1009,Libra,Horse,41
Indiana Hoosiers,Big Ten Conference,Archie Miller,10/30/1978,10,30,1978,2017–18,1030,Scorpio,Horse,41
Delaware Fightin' Blue Hens,Colonial Athletic Association,Martin Ingelsby,11/24/1978,11,24,1978,2016–17,1124,Sagittarius,Horse,41
Grambling State Tigers,Southwestern Athletic Conference,Donte Jackson,1/19/1979,1,19,1979,2017–18,119,Capricorn,Goat,40
Butler Bulldogs,Big East Conference,LaVall Jordan,4/16/1979,4,16,1979,2017–18,416,Aries,Goat,40
Middle Tennessee Blue Raiders,Conference USA,Nick McDevitt,4/21/1979,4,21,1979,2018–19,421,Taurus,Goat,40
New Mexico Lobos,Mountain West Conference,Paul Weir,6/12/1979,6,12,1979,2017–18,612,Gemini,Goat,40
Norfolk State Spartans,Mid-Eastern Athletic Conference,Robert Jones,6/26/1979,6,26,1979,2013–14,626,Cancer,Goat,40
Northern Arizona Lumberjacks,Big Sky Conference,Jack Murphy,7/25/1979,7,25,1979,2012–13,725,Leo,Goat,40
Bradley Braves,Missouri Valley Conference,Brian Wardle,10/9/1979,10,9,1979,2015–16,1009,Libra,Goat,40
Loyola (Maryland) Greyhounds,Patriot League,Tavaras Hardy,2/9/1980,2,9,1980,2018–19,209,Aquarius,Monkey,39
Bryant Bulldogs,Northeast Conference,Jared Grasso,5/11/1980,5,11,1980,2018–19,511,Taurus,Monkey,39
Southern Utah Thunderbirds,Big Sky Conference,Todd Simon,8/3/1980,8,3,1980,2016–17,803,Leo,Monkey,39
Robert Morris Colonials,Northeast Conference,Andrew Toole,9/11/1980,9,11,1980,2010–11,911,Virgo,Monkey,39
Eastern Kentucky Colonels,Ohio Valley Conference,A.W. Hamilton,10/15/1980,10,15,1980,2018–19,1015,Libra,Monkey,39
Texas–Arlington Mavericks,Sun Belt Conference,Chris Ogden,10/16/1980,10,16,1980,2018–19,1016,Libra,Monkey,39
IUPUI Jaguars,Horizon League,Jason Gardner,11/14/1980,11,14,1980,2014–15,1114,Scorpio,Monkey,39
Florida International Panthers,Conference USA,Jeremy Ballard,6/29/1981,6,29,1981,2018–19,629,Cancer,Rooster,38
Eastern Washington Eagles,Big Sky Conference,Shantay Legans,7/30/1981,7,30,1981,2017–18,730,Leo,Rooster,38
Hawaii Rainbow Warriors,Big West Conference,Eran Ganot,9/8/1981,9,8,1981,2015–16,908,Virgo,Rooster,38
Youngstown State Penguins,Horizon League,Jerrod Calhoun,10/17/1981,10,17,1981,2017–18,1017,Libra,Rooster,38
Xavier Musketeers,Big East Conference,Travis Steele,11/12/1981,11,12,1981,2018–19,1112,Scorpio,Rooster,38
UMass Minutemen,Atlantic 10 Conference,Matt McCall,12/12/1981,12,12,1981,2017–18,1212,Sagittarius,Rooster,38
Oklahoma State Cowboys,Big 12 Conference,Mike Boynton,1/17/1982,1,17,1982,2017–18,117,Capricorn,Dog,37
Alabama A&M Bulldogs,Southwestern Athletic Conference,Dylan Howard,1/19/1982,1,19,1982,2018–19,119,Capricorn,Dog,37
Siena Saints,Metro Atlantic Athletic Conference,Jamion Christian,4/18/1982,4,18,1982,2018–19,418,Aries,Dog,37
UAB Blazers,Conference USA,Robert Ehsan,5/3/1982,5,3,1982,2016–17,503,Taurus,Dog,37
Brown Bears,Ivy League,Mike Martin,7/4/1982,7,4,1982,2012–13,704,Cancer,Dog,37
Valparaiso Crusaders,Missouri Valley Conference,Matt Lottich,7/29/1982,7,29,1982,2016–17,729,Leo,Dog,37
UNC Asheville Bulldogs,Big South Conference,Mike Morrell,8/22/1982,8,22,1982,2018–19,822,Leo,Dog,37
Minnesota Golden Gophers,Big Ten Conference,Richard Pitino,9/16/1982,9,16,1982,2013–14,916,Virgo,Dog,37
Quinnipiac Bobcats,Metro Atlantic Athletic Conference,Baker Dunleavy,10/5/1982,10,5,1982,2017–18,1005,Libra,Dog,37
LSU Tigers,Southeastern Conference,Will Wade,11/26/1982,11,26,1982,2017–18,1126,Sagittarius,Dog,37
South Alabama Jaguars,Sun Belt Conference,Richie Riley,1/8/1983,1,8,1983,2018–19,108,Capricorn,Pig,36
Denver Pioneers,Summit League,Rodney Billups,1/14/1983,1,14,1983,2016–17,114,Capricorn,Pig,36
UNC Greensboro Spartans,Southern Conference,Wes Miller,1/28/1983,1,28,1983,2011–12,128,Aquarius,Pig,36
Furman Paladins,Southern Conference,Bob Richey,3/22/1983,3,22,1983,2017–18,322,Aries,Pig,36
Florida Gulf Coast Eagles,Atlantic Sun Conference,Michael Fly,5/29/1983,5,29,1983,2018–19,529,Gemini,Pig,36
Wagner Seahawks,Northeast Conference,Bashir Mason,2/11/1984,2,11,1984,2012–13,211,Aquarius,Rat,35
Tennessee State Tigers,Ohio Valley Conference,Brian Collins,3/23/1984,3,23,1984,2018–19,323,Aries,Rat,35
Missouri State Bears,Missouri Valley Conference,Dana Ford,6/9/1984,6,9,1984,2018–19,609,Gemini,Rat,35
Bethune-Cookman Wildcats,Mid-Eastern Athletic Conference,Ryan Ridder,11/11/1984,11,11,1984,2017–18,1111,Scorpio,Rat,35
Arkansas State Red Wolves,Sun Belt Conference,Mike Balado,5/31/1985,5,31,1985,2017–18,531,Gemini,Ox,34
George Washington Colonials,Atlantic 10 Conference,Maurice Joseph,8/26/1985,8,26,1985,2016–17,826,Virgo,Ox,34
Morehead State Eagles,Ohio Valley Conference,Preston Spradlin,12/30/1986,12,30,1986,2016–17,1230,Capricorn,Ox,33
Nicholls State Colonels,Southland Conference,Austin Claunch,11/17/1989,11,17,1989,2018–19,1117,Scorpio,Ox,30
