Team,Conference,Current coach,DOB,Month,Day,Year,Since,M_D_DOB,Sign,Chinese Zodiac,Age,team_market,team_name,team_id
ABILENE CHRISTIAN WILDCATS,Southland Conference,Joe Golding,10/15/1975,10,15,1975,2011–12,1015,Libra,Rabbit,44,Abilene Christian,Wildcats,a52b2ece-1f87-45b5-ae1e-8d0920479965
AIR FORCE FALCONS,Mountain West Conference,Dave Pilipovich,1/28/1964,1,28,1964,2012–13,128,Aquarius,Dragon,55,Air Force,Falcons,aa7af640-5762-4686-9181-39f7b8a8186e
AKRON ZIPS,Mid-American Conference,John Groce,9/7/1971,9,7,1971,2017–18,907,Virgo,Pig,48,Akron,Zips,56fe0ab2-e4f0-47b9-8726-9ce23ebcde20
ALABAMA CRIMSON TIDE,Southeastern Conference,Avery Johnson,3/25/1965,3,25,1965,2015–16,325,Aries,Snake,54,Alabama,Crimson Tide,c2104cdc-c83d-40d2-a3cd-df986e29f5d3
ALABAMA A&M BULLDOGS,Southwestern Athletic Conference,Dylan Howard,1/19/1982,1,19,1982,2018–19,119,Capricorn,Dog,37,Alabama A&M,Bulldogs,949c3398-85e4-4c63-ba71-9a82e06ddea4
ALABAMA STATE HORNETS,Southwestern Athletic Conference,Lewis Jackson,8/13/1962,8,13,1962,2005–06,813,Leo,Tiger,57,Alabama State,Hornets,267d417a-8f85-4c87-a15a-068c089a74c6
ALBANY GREAT DANES,America East Conference,Will Brown,10/8/1971,10,8,1971,2001–02,1008,Libra,Pig,48,Albany,Great Danes,290a5130-836d-45e6-824f-28704d6ba246
ALCORN STATE BRAVES,Southwestern Athletic Conference,Montez Robinson,1/17/1943,1,17,1943,2015–16,117,Capricorn,Goat,76,Alcorn State,Braves,1bddc811-44cf-4e53-b4ab-11c8dc82c9de
AMERICAN EAGLES,Patriot League,Mike Brennan,5/18/1972,5,18,1972,2013–14,518,Taurus,Rat,47,American University,Eagles,2f513e67-f019-4eec-9096-fbc5911858b6
APPALACHIAN STATE MOUNTAINEERS,Sun Belt Conference,Jim Fox,10/2/1973,10,2,1973,2014–15,1002,Libra,Ox,46,Appalachian State,Mountaineers,87d88c93-29bc-4306-b0a6-87c6f6e80da1
ARIZONA WILDCATS,Pac-12 Conference,Sean Miller,11/17/1968,11,17,1968,2009–10,1117,Scorpio,Monkey,51,Arizona,Wildcats,9b166a3f-e64b-4825-bb6b-92c6f0418263
ARIZONA STATE SUN DEVILS,Pac-12 Conference,Bobby Hurley,6/28/1971,6,28,1971,2015–16,628,Cancer,Pig,48,Arizona State,Sun Devils,ad4bc983-8d2e-4e6f-a8f9-80840a786c64
ARKANSAS RAZORBACKS,Southeastern Conference,Mike Anderson,12/12/1959,12,12,1959,2011–12[a],1212,Sagittarius,Pig,60,Arkansas,Razorbacks,c70c23c4-ab09-4797-a1af-792c848ab17f
ARKANSAS STATE RED WOLVES,Sun Belt Conference,Mike Balado,5/31/1985,5,31,1985,2017–18,531,Gemini,Ox,34,Arkansas State,Red Wolves,95826e36-ea33-4b51-83a8-7b4cc20999ee
LITTLE ROCK TROJANS,Sun Belt Conference,Darrell Walker,3/9/1961,3,9,1961,2018–19,309,Pisces,Ox,58,Arkansas-Little Rock,Trojans,0dadedb0-2bd3-45e7-91a3-93af6c4e87f2
ARKANSAS–PINE BLUFF GOLDEN LIONS,Southwestern Athletic Conference,George Ivory,8/7/1965,8,7,1965,2008–09,807,Leo,Snake,54,Arkansas-Pine Bluff,Golden Lions,1394dd8a-040e-4509-9ee3-761d60eaf6c9
ARMY BLACK KNIGHTS,Patriot League,Jimmy Allen,10/10/1968,10,10,1968,2016–17,1010,Libra,Monkey,51,Army,Black Knights,6dfaf0ba-47c4-4e05-b0a7-72734747d48f
AUBURN TIGERS,Southeastern Conference,Bruce Pearl,3/18/1960,3,18,1960,2014–15,318,Pisces,Rat,59,Auburn,Tigers,0c0608b3-f349-4f5e-9a10-7e6a744dd0d2
AUSTIN PEAY GOVERNORS,Ohio Valley Conference,Matt Figger,10/10/1968,10,10,1968,2017–18,1010,Libra,Monkey,51,Austin Peay,Governors,a0fdb660-a822-4337-b01d-31c4d2c99c8a
BALL STATE CARDINALS,Mid-American Conference,James Whitford,7/23/1971,7,23,1971,2013–14,723,Leo,Pig,48,Ball State,Cardinals,315c4deb-3c9d-413d-a369-7168f2545d21
BAYLOR BEARS,Big 12 Conference,Scott Drew,10/23/1970,10,23,1970,2003–04,1023,Scorpio,Dog,49,Baylor,Bears,db6e1cab-3fa3-4a93-a673-8b2a358ff4bf
BELMONT BRUINS,Ohio Valley Conference,Rick Byrd,4/30/1953,4,30,1953,1996–97,430,Taurus,Snake,66,Belmont,Bruins,a0a22502-0d84-440c-84af-1fbb070ad54c
BETHUNE-COOKMAN WILDCATS,Mid-Eastern Athletic Conference,Ryan Ridder,11/11/1984,11,11,1984,2017–18,1111,Scorpio,Rat,35,Bethune-Cookman,Wildcats,0796c3b6-5308-4aa0-8fdc-c65d39b043c6
BINGHAMTON BEARCATS,America East Conference,Tommy Dempsey,1/27/1974,1,27,1974,2012–13,127,Aquarius,Tiger,45,Binghamton,Bearcats,fa0f8282-c4f1-490e-962c-f25350cd76f4
BOISE STATE BRONCOS,Mountain West Conference,Leon Rice,11/25/1963,11,25,1963,2010–11,1125,Sagittarius,Rabbit,56,Boise State,Broncos,c1c54dbf-805c-47fc-a707-c803e94db2a4
BOSTON COLLEGE EAGLES,Atlantic Coast Conference,Jim Christian,2/6/1965,2,6,1965,2014–15,206,Aquarius,Snake,54,Boston College,Eagles,4b3ff02c-e0ba-435b-a565-6075bc491684
BOSTON UNIVERSITY TERRIERS,Patriot League,Joe Jones,11/9/1965,11,9,1965,2011–12,1109,Scorpio,Snake,54,Boston University,Terriers,de9a0e19-b83c-4b98-a6da-81c110cb364b
BOWLING GREEN FALCONS,Mid-American Conference,Michael Huger,6/27/1970,6,27,1970,2015–16,627,Cancer,Dog,49,Bowling Green,Falcons,a9e4d292-d074-40e7-a81a-f9342929b979
BRADLEY BRAVES,Missouri Valley Conference,Brian Wardle,10/9/1979,10,9,1979,2015–16,1009,Libra,Goat,40,Bradley,Braves,b47d10b8-a2a5-47df-a2f9-7bd0b9d51beb
BROWN BEARS,Ivy League,Mike Martin,7/4/1982,7,4,1982,2012–13,704,Cancer,Dog,37,Brown,Bears,558abf02-97f4-4323-aa99-63c076d35932
BRYANT BULLDOGS,Northeast Conference,Jared Grasso,5/11/1980,5,11,1980,2018–19,511,Taurus,Monkey,39,Bryant University,Bulldogs,61dadefa-76bf-4db4-8067-f88df540b9cd
BUCKNELL BISON,Patriot League,Nathan Davis,3/25/1974,3,25,1974,2015–16,325,Aries,Tiger,45,Bucknell,Bison,98d2123a-c7b9-4b5f-8a81-43f76d8537dc
BUFFALO BULLS,Mid-American Conference,Nate Oats,10/13/1974,10,13,1974,2015–16,1013,Libra,Tiger,45,Buffalo,Bulls,a9f5c9a2-342c-4881-9996-5d5c05ec9bd9
BUTLER BULLDOGS,Big East Conference,LaVall Jordan,4/16/1979,4,16,1979,2017–18,416,Aries,Goat,40,Butler,Bulldogs,bdb7d7a4-45f8-4bf3-ab85-15488c451494
BYU COUGARS,West Coast Conference,Dave Rose,12/19/1957,12,19,1957,2005–06,1219,Sagittarius,Rooster,62,BYU,Cougars,c31455b2-8a45-4248-aa8f-ce7eab1c6b02
CAL POLY MUSTANGS,Big West Conference,Joe Callero,8/26/1962,8,26,1962,2009–10,826,Virgo,Tiger,57,Cal Poly,Mustangs,45439cdb-af7a-4743-936c-dccc76b30877
CAL STATE BAKERSFIELD ROADRUNNERS,Western Athletic Conference,Rod Barnes,1/8/1966,1,8,1966,2011–12,108,Capricorn,Horse,53,Cal State Bakersfield,Roadrunners,2da57857-b038-4ad3-8199-e3fb339f57d2
CAL STATE FULLERTON TITANS,Big West Conference,Dedrique Taylor,5/1/1974,5,1,1974,2013–14,501,Taurus,Tiger,45,Cal State Fullerton,Titans,c009914b-3303-4dee-b915-978aa48a31d0
CAL STATE NORTHRIDGE MATADORS,Big West Conference,Mark Gottfried,1/20/1964,1,20,1964,2018–19,120,Aquarius,Dragon,55,Cal State Northridge,Matadors,cb732075-23a5-4e71-9037-50a7a002bdb2
CALIFORNIA GOLDEN BEARS,Pac-12 Conference,Wyking Jones,1/8/1973,1,8,1973,2017–18,108,Capricorn,Ox,46,California,Golden Bears,aacdc78d-b7fa-48f6-9686-2fdb8a95030e
CALIFORNIA BAPTIST LANCERS,Western Athletic Conference,Rick Croy,7/19/1977,7,19,1977,2013–14,719,Cancer,Snake,42,California Baptist,Lancers,a43197e1-de68-41cf-bd75-88c695738601
CAMPBELL FIGHTING CAMELS,Big South Conference,Kevin McGeehan,10/30/1973,10,30,1973,2013–14,1030,Scorpio,Ox,46,Campbell,Fighting Camels,6e5dfe2c-28cc-411f-b846-af8436093ab2
CANISIUS GOLDEN GRIFFINS,Metro Atlantic Athletic Conference,Reggie Witherspoon,2/21/1961,2,21,1961,2016–17,221,Pisces,Ox,58,Canisius,Golden Griffins,0113eea0-c943-4fff-9780-ae0fb099e7ef
CENTRAL ARKANSAS BEARS,Southland Conference,Russ Pennell,11/28/1960,11,28,1960,2014–15,1128,Sagittarius,Rat,59,Central Arkansas,Bears,dfc2dfb7-aa67-4c48-99c9-4fa6c6bc4355
CENTRAL CONNECTICUT BLUE DEVILS,Northeast Conference,Donyell Marshall,5/18/1973,5,18,1973,2016–17,518,Taurus,Ox,46,Central Connecticut State,Blue Devils,a93bf4f2-3724-4539-8c8a-9ac8ee3741a6
CENTRAL MICHIGAN CHIPPEWAS,Mid-American Conference,Keno Davis,3/10/1972,3,10,1972,2012–13,310,Pisces,Rat,47,Central Michigan,Chippewas,472c22e0-843d-472c-a871-f1593fb0725d
CHARLESTON COUGARS,Colonial Athletic Association,Earl Grant,12/25/1976,12,25,1976,2014–15,1225,Capricorn,Dragon,43,Charleston,Cougars,8548dacb-3636-48a8-8c46-611ab0c15fc0
CHARLESTON SOUTHERN BUCCANEERS,Big South Conference,Barclay Radebaugh,9/14/1965,9,14,1965,2005–06,914,Virgo,Snake,54,Charleston Southern,Buccaneers,a3fef707-e4fc-48a0-82f1-f4ef01b76f45
CHARLOTTE 49ERS,Conference USA,Ron Sanchez,10/10/1968,10,10,1968,2018–19,1010,Libra,Monkey,51,Charlotte,49ers,8ddbfca9-a931-4908-aa31-9fcd17624b5f
CHATTANOOGA MOCS,Southern Conference,Lamont Paris,10/10/1968,10,10,1968,2017–18,1010,Libra,Monkey,51,Chattanooga,Mocs,4c9fb59b-6cec-4b0d-bb0f-628b391d138c
CHICAGO STATE COUGARS,Western Athletic Conference,Lance Irvin,10/10/1968,10,10,1968,2018–19,1010,Libra,Monkey,51,Chicago State,Cougars,2f8c85a7-54f4-4942-be16-2cbac77c82d7
CINCINNATI BEARCATS,American Athletic Conference,Mick Cronin,7/17/1971,7,17,1971,2006–07,717,Cancer,Pig,48,Cincinnati,Bearcats,a17dfc54-415f-49c3-a2e6-d6fa9db18b0a
THE CITADEL BULLDOGS,Southern Conference,Duggar Baucom,9/21/1960,9,21,1960,2015–16,921,Virgo,Rat,59,Citadel,Bulldogs,412e7f0d-fb93-4e6e-be1f-9a4c7490d121
CLEMSON TIGERS,Atlantic Coast Conference,Brad Brownell,11/15/1968,11,15,1968,2010–11,1115,Scorpio,Monkey,51,Clemson,Tigers,dcf5c2e7-c227-4c20-af26-715d5f859412
CLEVELAND STATE VIKINGS,Horizon League,Dennis Felton,6/21/1963,6,21,1963,2017–18,621,Cancer,Rabbit,56,Cleveland State,Vikings,e30c0417-b220-424e-886e-dd1249e2ca5a
COASTAL CAROLINA CHANTICLEERS,Sun Belt Conference,Cliff Ellis,12/5/1945,12,5,1945,2007–08,1205,Sagittarius,Rooster,74,Coastal Carolina,Chanticleers,4af63ebd-d3c8-4772-bbde-938a078bd057
COLGATE RAIDERS,Patriot League,Matt Langel,11/21/1977,11,21,1977,2011–12,1121,Scorpio,Snake,42,Colgate,Raiders,80a19b57-d6ab-4bee-934f-33a72c2e958a
COLORADO BUFFALOES,Pac-12 Conference,Tad Boyle,1/6/1963,1,6,1963,2010–11,106,Capricorn,Rabbit,56,Colorado,Buffaloes,9fccbf28-2858-4263-821c-fdefb3c7efa3
COLORADO STATE RAMS,Mountain West Conference,Niko Medved,8/10/1973,8,10,1973,2018–19,810,Leo,Ox,46,Colorado State,Rams,1a470730-f328-4fb1-8bbf-36a069e4d6b2
COLUMBIA LIONS,Ivy League,Jim Engles,8/18/1968,8,18,1968,2016–17,818,Leo,Monkey,51,Columbia,Lions,ca74bd67-034c-4468-8487-6f983f5eb4f6
CONNECTICUT HUSKIES,American Athletic Conference,Dan Hurley,1/16/1973,1,16,1973,2018–19,116,Capricorn,Ox,46,Connecticut,Huskies,efba5350-79bc-47aa-a189-db177b95b491
COPPIN STATE EAGLES,Mid-Eastern Athletic Conference,Juan Dixon,10/9/1978,10,9,1978,2017–18,1009,Libra,Horse,41,Coppin State,Eagles,5f9a90a2-3926-404e-8c8a-d9f22ad6907d
CORNELL BIG RED,Ivy League,Brian Earl,10/10/1968,10,10,1968,2016–17,1010,Libra,Monkey,51,Cornell,Big Red,88ff8c00-958e-4ccf-a21d-77fab9e93692
CREIGHTON BLUEJAYS,Big East Conference,Greg McDermott,11/25/1964,11,25,1964,2010–11,1125,Sagittarius,Dragon,55,Creighton,Bluejays,7d797407-623e-476d-b299-46de4275414d
DARTMOUTH BIG GREEN,Ivy League,David McLaughlin,10/10/1968,10,10,1968,2016–17,1010,Libra,Monkey,51,Dartmouth,Big Green,d60357bd-1205-42e9-9092-d986a2843a34
DAVIDSON WILDCATS,Atlantic 10 Conference,Bob McKillop,7/13/1950,7,13,1950,1989–90,713,Cancer,Tiger,69,Davidson,Wildcats,2920c5fa-1e86-4958-a7c4-1e97b8e201d8
DAYTON FLYERS,Atlantic 10 Conference,Anthony Grant,4/15/1966,4,15,1966,2017–18,415,Aries,Horse,53,Dayton,Flyers,632616c5-2dbb-4017-a449-c9dfc303f026
DELAWARE FIGHTIN' BLUE HENS,Colonial Athletic Association,Martin Ingelsby,11/24/1978,11,24,1978,2016–17,1124,Sagittarius,Horse,41,Delaware,Fightin Blue Hens,0affc15f-641d-4211-970d-fb9fb8d36842
DELAWARE STATE HORNETS,Mid-Eastern Athletic Conference,Eric Skeeters,10/10/1968,10,10,1968,2018–19,1010,Libra,Monkey,51,Delaware State,Hornets,ffa04cde-aa2d-4e91-b2cd-bde2bfed44de
DENVER PIONEERS,Summit League,Rodney Billups,1/14/1983,1,14,1983,2016–17,114,Capricorn,Pig,36,Denver,Pioneers,6f676cba-c1f9-45a4-9016-fb408fd525b1
DEPAUL BLUE DEMONS,Big East Conference,Dave Leitao,5/18/1960,5,18,1960,2015–16,518,Taurus,Rat,59,DePaul,Blue Demons,ee09e6ad-3872-4745-bbb9-ebbd5c6f8318
DETROIT MERCY TITANS,Horizon League,Mike Davis,9/15/1960,9,15,1960,2018–19,915,Virgo,Rat,59,Detroit Mercy,Titans,1b78e7f6-f25c-4921-98e2-9bc565f8dfb4
DRAKE BULLDOGS,Missouri Valley Conference,Darian DeVries,4/7/1975,4,7,1975,2018–19,407,Aries,Rabbit,44,Drake,Bulldogs,aed211c3-23a4-4188-ad70-22c6eba7d765
DREXEL DRAGONS,Colonial Athletic Association,Zach Spiker,9/30/1976,9,30,1976,2016–17,930,Libra,Dragon,43,Drexel,Dragons,f2d01b77-0f5d-4574-9e49-2a3eaf822e44
DUKE BLUE DEVILS,Atlantic Coast Conference,Mike Krzyzewski,2/13/1947,2,13,1947,1980–81,213,Aquarius,Pig,72,Duke,Blue Devils,faeb1160-5d15-4f26-99fc-c441cf21fc7f
DUQUESNE DUKES,Atlantic 10 Conference,Keith Dambrot,10/26/1958,10,26,1958,2017–18,1026,Scorpio,Dog,61,Duquesne,Dukes,fea46ac5-6dad-43cd-a770-75554dbcc118
EAST CAROLINA PIRATES,American Athletic Conference,Joe Dooley,1/29/1966,1,29,1966,2018–19[b],129,Aquarius,Horse,53,East Carolina,Pirates,a601205f-3bfe-4052-ac0b-b8f18cf3efd3
EAST TENNESSEE STATE BUCCANEERS,Southern Conference,Steve Forbes,3/22/1965,3,22,1965,2015–16,322,Aries,Snake,54,East Tennessee State,Buccaneers,d750d88f-f7b8-4bc3-a5f6-36e7a67ec93e
EASTERN ILLINOIS PANTHERS,Ohio Valley Conference,Jay Spoonhour,10/14/1970,10,14,1970,2012–13,1014,Libra,Dog,49,Eastern Illinois,Panthers,23fec4e7-108f-4569-85d1-bef2f794e925
EASTERN KENTUCKY COLONELS,Ohio Valley Conference,A.W. Hamilton,10/15/1980,10,15,1980,2018–19,1015,Libra,Monkey,39,Eastern Kentucky,Colonels,e48e3dd5-721c-4d96-8ff4-790fe2597bfd
EASTERN MICHIGAN EAGLES,Mid-American Conference,Rob Murphy,9/19/1973,9,19,1973,2011–12,919,Virgo,Ox,46,Eastern Michigan,Eagles,2ed86226-3fff-4083-90fa-6b02307e6f73
EASTERN WASHINGTON EAGLES,Big Sky Conference,Shantay Legans,7/30/1981,7,30,1981,2017–18,730,Leo,Rooster,38,Eastern Washington,Eagles,54df21af-8f65-42fc-bc01-8bf750856d70
ELON PHOENIX,Colonial Athletic Association,Matt Matheny,2/11/1970,2,11,1970,2009–10,211,Aquarius,Dog,49,Elon,Phoenix,8accb91e-6086-41b3-a420-7a82fa442365
EVANSVILLE PURPLE ACES,Missouri Valley Conference,Walter McCarty,2/1/1974,2,1,1974,2018–19,201,Aquarius,Tiger,45,Evansville,Purple Aces,d8217105-e9c2-4267-9538-3aaeea1ae167
FAIRFIELD STAGS,Metro Atlantic Athletic Conference,Sydney Johnson,4/26/1974,4,26,1974,2011–12,426,Taurus,Tiger,45,Fairfield,Stags,a381465b-4530-4a00-a50c-5253cd7695a0
FAIRLEIGH DICKINSON KNIGHTS,Northeast Conference,Greg Herenda,4/2/1961,4,2,1961,2013–14,402,Aries,Ox,58,Fairleigh Dickinson,Knights,b71d5a1b-2671-4e5a-b94b-06bfb22a27dd
FLORIDA GATORS,Southeastern Conference,Michael White,3/2/1977,3,2,1977,2015–16,302,Pisces,Snake,42,Florida,Gators,912f8837-1d81-4ef9-a576-a21f271d4c64
FLORIDA A&M RATTLERS,Mid-Eastern Athletic Conference,Robert McCullum,6/20/1954,6,20,1954,2017–18,620,Gemini,Horse,65,Florida A&M,Rattlers,cec2527e-5e1e-4817-a628-35666ef13b6e
FLORIDA ATLANTIC OWLS,Conference USA,Dusty May,10/10/1968,10,10,1968,2018–19,1010,Libra,Monkey,51,Florida Atlantic,Owls,c851131a-5ecd-4670-81bc-b40f4837dd65
FLORIDA GULF COAST EAGLES,Atlantic Sun Conference,Michael Fly,5/29/1983,5,29,1983,2018–19,529,Gemini,Pig,36,Florida Atlantic,Owls,5326c079-3dc3-468f-a601-b776dd9c1e62
FLORIDA INTERNATIONAL PANTHERS,Conference USA,Jeremy Ballard,6/29/1981,6,29,1981,2018–19,629,Cancer,Rooster,38,Florida International,Golden Panthers,a8ac24ca-3b7a-4610-ad99-042661584c48
FLORIDA STATE SEMINOLES,Atlantic Coast Conference,Leonard Hamilton,8/4/1948,8,4,1948,2002–03,804,Leo,Rat,71,Florida State,Seminoles,d3c8a767-b6fc-45d4-a5f2-18406f2993f1
FORDHAM RAMS,Atlantic 10 Conference,Jeff Neubauer,1/27/1971,1,27,1971,2015–16,127,Aquarius,Pig,48,Fordham,Rams,7888d144-563d-4f84-b99b-d120aecf1fef
FRESNO STATE BULLDOGS,Mountain West Conference,Justin Hutson,10/16/1971,10,16,1971,2018–19,1016,Libra,Pig,48,Fresno State,Bulldogs,dd8db4d8-d984-4cab-b7f6-22c6b8c2c45f
FURMAN PALADINS,Southern Conference,Bob Richey,3/22/1983,3,22,1983,2017–18,322,Aries,Pig,36,Furman,Paladins,ca5318f2-48eb-4f6b-896a-966b900aa42f
GARDNER–WEBB RUNNIN' BULLDOGS,Big South Conference,Tim Craft,2/3/1977,2,3,1977,2013–14,203,Aquarius,Snake,42,Gardner-Webb,Runnin' Bulldogs,79871449-f5a1-4650-b3cf-85b78fd6943e
GEORGE MASON PATRIOTS,Atlantic 10 Conference,Dave Paulsen,9/14/1964,9,14,1964,2015–16,914,Virgo,Dragon,55,George Mason,Patriots,e76479d0-a768-46d2-89bf-7b9dae12bec8
GEORGE WASHINGTON COLONIALS,Atlantic 10 Conference,Maurice Joseph,8/26/1985,8,26,1985,2016–17,826,Virgo,Ox,34,George Washington,Colonials,d52c3640-069c-4554-982e-e6537c8044f1
GEORGETOWN HOYAS,Big East Conference,Patrick Ewing,8/5/1962,8,5,1962,2017–18,805,Leo,Tiger,57,Georgetown,Hoyas,8736b67f-5924-400b-bf94-3bd804c36600
GEORGIA BULLDOGS,Southeastern Conference,Tom Crean,3/25/1966,3,25,1966,2018–19,325,Aries,Horse,53,Georgia,Bulldogs,4f4b0771-994c-4126-822d-7525aaa00f65
GEORGIA SOUTHERN EAGLES,Sun Belt Conference,Mark Byington,4/22/1976,4,22,1976,2013–14,422,Taurus,Dragon,43,Georgia Southern,Eagles,6b955b96-b736-475e-bffd-e4acf2054169
GEORGIA STATE PANTHERS,Sun Belt Conference,Ron Hunter,4/7/1964,4,7,1964,2011–12,407,Aries,Dragon,55,Georgia State,Panthers,94ea835b-8ce9-4de2-a5b1-971548fea974
GEORGIA TECH YELLOW JACKETS,Atlantic Coast Conference,Josh Pastner,9/26/1977,9,26,1977,2016–17,926,Libra,Snake,42,Georgia Tech,Yellow Jackets,0f63a6f5-bda7-4fd9-9271-8d33f555ca19
GONZAGA BULLDOGS,West Coast Conference,Mark Few,12/27/1962,12,27,1962,1999–2000,1227,Capricorn,Tiger,57,Gonzaga,Bulldogs,2f4d21f8-6d5f-48a5-abca-52a30583871a
GRAMBLING STATE TIGERS,Southwestern Athletic Conference,Donte Jackson,1/19/1979,1,19,1979,2017–18,119,Capricorn,Goat,40,Grambling State,Tigers,6776c7e6-f4c2-47bd-99e5-39fc179a3197
GRAND CANYON ANTELOPES,Western Athletic Conference,Dan Majerle,9/9/1965,9,9,1965,2013–14,909,Virgo,Snake,54,Grand Canyon,Antelopes,f7e6acc3-0778-4de5-940a-d88e20df1159
GREEN BAY PHOENIX,Horizon League,Linc Darner,12/12/1970,12,12,1970,2015–16,1212,Sagittarius,Dog,49,Green Bay,Phoenix,61a3e5ab-1be3-4694-b83f-edae0953f409
HAMPTON PIRATES,Big South Conference,Edward Joyner,6/28/1972,6,28,1972,2009–10,628,Cancer,Rat,47,Hampton,Pirates,161354af-1f3e-4d58-88f7-e016ec74b7b6
HARTFORD HAWKS,America East Conference,John Gallagher,5/27/1977,5,27,1977,2010–11,527,Gemini,Snake,42,Hartford,Hawks,dba620d9-7282-4638-bf05-13caf48eeed1
HARVARD CRIMSON,Ivy League,Tommy Amaker,6/6/1965,6,6,1965,2007–08,606,Gemini,Snake,54,Harvard,Crimson,5c7bf63f-bc39-43c5-9907-73b50b7a6b34
HAWAII RAINBOW WARRIORS,Big West Conference,Eran Ganot,9/8/1981,9,8,1981,2015–16,908,Virgo,Rooster,38,Hawaii,Warriors,d4dc55b3-94fe-4d4f-b0bf-c50c5f064392
HIGH POINT PANTHERS,Big South Conference,Tubby Smith,6/30/1951,6,30,1951,2018–19,630,Cancer,Rabbit,68,High Point,Panthers,a311188e-1259-4fda-b0ea-c47cb52694b1
HOFSTRA PRIDE,Colonial Athletic Association,Joe Mihalich,8/29/1956,8,29,1956,2013–14,829,Virgo,Monkey,63,Hofstra,Pride,36ca2008-cd2e-4549-8b3b-c745167e07f3
HOLY CROSS CRUSADERS,Patriot League,Bill Carmody,12/4/1951,12,4,1951,2015–16,1204,Sagittarius,Rabbit,68,Holy Cross,Crusaders,31aedd91-a77e-46c1-8bdc-80e9860c159d
HOUSTON COUGARS,American Athletic Conference,Kelvin Sampson,10/5/1955,10,5,1955,2014–15,1005,Libra,Goat,64,Houston,Cougars,1f99a164-d593-4d81-85d5-0d7889d6f486
HOUSTON BAPTIST HUSKIES,Southland Conference,Ron Cottrell,10/11/1960,10,11,1960,2007–08,1011,Libra,Rat,59,Houston Baptist,Huskies,95a27dc5-16d5-4745-9adb-34c41e1444e8
HOWARD BISON,Mid-Eastern Athletic Conference,Kevin Nickelberry,10/15/1964,10,15,1964,2010–11,1015,Libra,Dragon,55,Howard,Bison,22fbe5dc-c6db-4675-b3a3-2d8af7f5d313
IDAHO VANDALS,Big Sky Conference,Don Verlin,6/15/1965,6,15,1965,2008–09,615,Gemini,Snake,54,Idaho,Vandals,ec6185b7-4e0c-4eb8-99ef-f3a4dccf6b91
IDAHO STATE BENGALS,Big Sky Conference,Bill Evans,12/31/1948,12,31,1948,2012–13,1231,Capricorn,Rat,71,Idaho State,Bengals,6a67ba19-56a8-4dd8-a5ae-9e9f2523c274
ILLINOIS FIGHTING ILLINI,Big Ten Conference,Brad Underwood,12/14/1963,12,14,1963,2017–18,1214,Sagittarius,Rabbit,56,Illinois,Fighting Illini,150148c2-ca8f-414f-8f41-d94a55d4a122
ILLINOIS STATE REDBIRDS,Missouri Valley Conference,Dan Muller,2/21/1976,2,21,1976,2012–13,221,Pisces,Dragon,43,Illinois State,Redbirds,509aacc4-c121-46a2-800a-d5431ef181d2
UIC FLAMES,Horizon League,Steve McClain,8/15/1962,8,15,1962,2015–16,815,Leo,Tiger,57,Illinois-Chicago,Flames,dfe0d93f-94a5-47fb-b7aa-f74786e09acb
INCARNATE WORD CARDINALS,Southland Conference,Carson Cunningham,5/7/1977,5,7,1977,2018–19,507,Taurus,Snake,42,Incarnate Word,Cardinals,912671c7-19fd-451b-813e-885485427820
INDIANA HOOSIERS,Big Ten Conference,Archie Miller,10/30/1978,10,30,1978,2017–18,1030,Scorpio,Horse,41,Indiana,Hoosiers,c3f0a8ce-af67-497f-a750-3b859376b20a
INDIANA STATE SYCAMORES,Missouri Valley Conference,Greg Lansing,12/9/1967,12,9,1967,2010–11,1209,Sagittarius,Goat,52,Indiana State,Sycamores,2a997096-a381-469d-a7e9-9e031c8b071c
IONA GAELS,Metro Atlantic Athletic Conference,Tim Cluess,3/9/1959,3,9,1959,2010–11,309,Pisces,Pig,60,Iona,Gaels,255c2a87-40c0-4989-bbb9-d286aac5d28e
IOWA HAWKEYES,Big Ten Conference,Fran McCaffery,5/23/1959,5,23,1959,2010–11,523,Gemini,Pig,60,Iowa,Hawkeyes,c10544de-e3bd-4776-ba2e-83df8c017fd1
IOWA STATE CYCLONES,Big 12 Conference,Steve Prohm,7/12/1974,7,12,1974,2015–16,712,Cancer,Tiger,45,Iowa State,Cyclones,0e4258fa-3154-4c16-b693-adecab184c6c
IUPUI JAGUARS,Horizon League,Jason Gardner,11/14/1980,11,14,1980,2014–15,1114,Scorpio,Monkey,39,IUPUI,Jaguars,90ec10eb-38a4-4a69-b072-ef71d294933b
JACKSON STATE TIGERS,Southwestern Athletic Conference,Wayne Brent,10/10/1968,10,10,1968,2013–14,1010,Libra,Monkey,51,Jackson State,Tigers,c444e03b-d16b-48b2-9b18-823c2647d41d
JACKSONVILLE DOLPHINS,Atlantic Sun Conference,Tony Jasick,4/17/1978,4,17,1978,2014–15,417,Aries,Horse,41,Jacksonville,Dolphins,fb28bd56-9e56-40c1-992d-71c1e27fe4fd
JACKSONVILLE STATE GAMECOCKS,Ohio Valley Conference,Ray Harper,10/11/1961,10,11,1961,2016–17,1011,Libra,Ox,58,Jacksonville State,Gamecocks,13358462-e05b-4449-8688-90c4622cdde8
JAMES MADISON DUKES,Colonial Athletic Association,Louis Rowe,12/26/1972,12,26,1972,2016–17,1226,Capricorn,Rat,47,James Madison,Dukes,524e3eec-7dde-45c7-b3cc-6308cec73350
KANSAS JAYHAWKS,Big 12 Conference,Bill Self,12/27/1962,12,27,1962,2003–04,1227,Capricorn,Tiger,57,Kansas,Jayhawks,fae4855b-1b64-4b40-a632-9ed345e1e952
KANSAS STATE WILDCATS,Big 12 Conference,Bruce Weber,10/19/1956,10,19,1956,2012–13,1019,Libra,Monkey,63,Kansas State,Wildcats,d203f38a-a166-4258-bca2-e161b591ecfb
KENNESAW STATE OWLS,Atlantic Sun Conference,Al Skinner,6/16/1952,6,16,1952,2015–16,616,Gemini,Dragon,67,Kennesaw State,Owls,2e8442e9-bd09-4d46-9dd3-de79433287f3
KENT STATE GOLDEN FLASHES,Mid-American Conference,Rob Senderoff,7/25/1973,7,25,1973,2011–12,725,Leo,Ox,46,Kent State,Golden Flashes,3da4798c-2d58-4dac-b66e-ad145a91b544
KENTUCKY WILDCATS,Southeastern Conference,John Calipari,2/10/1959,2,10,1959,2009–10,210,Aquarius,Pig,60,Kentucky,Wildcats,2267a1f4-68f6-418b-aaf6-2aa0c4b291f1
LA SALLE EXPLORERS,Atlantic 10 Conference,Ashley Howard,10/10/1968,10,10,1968,2018–19,1010,Libra,Monkey,51,La Salle,Explorers,ad9a3e21-4585-4e35-8946-290fe4a16f18
LAFAYETTE LEOPARDS,Patriot League,Fran O'Hanlon,8/24/1948,8,24,1948,1995–96,824,Virgo,Rat,71,Lafayette,Leopards,6af02334-9ac3-452f-bcf4-20abdb72bd07
LAMAR CARDINALS,Southland Conference,Tic Price,11/29/1955,11,29,1955,2014–15,1129,Sagittarius,Goat,64,Lamar,Cardinals,eda6c307-1e0f-4a28-82f4-ee9653b343fb
LEHIGH MOUNTAIN HAWKS,Patriot League,Brett Reed,5/29/1972,5,29,1972,2007–08,529,Gemini,Rat,47,Lehigh,Mountain Hawks,508f503f-dc57-4f4c-a01e-4f195e5c05c8
LIBERTY FLAMES,Atlantic Sun Conference,Ritchie McKay,4/22/1965,4,22,1965,2015–16,422,Taurus,Snake,54,Liberty,Flames,559db90c-741f-40d1-aa81-3fdd1d4889f3
LIPSCOMB BISONS,Atlantic Sun Conference,Casey Alexander,6/8/1972,6,8,1972,2013–14,608,Gemini,Rat,47,Lipscomb,Bisons,a2b8223d-40b3-4076-b5df-55655c2f8591
LIU BROOKLYN BLACKBIRDS,Northeast Conference,Derek Kellogg,6/20/1973,6,20,1973,2017–18,620,Gemini,Ox,46,LIU Brooklyn,Blackbirds,82c12e8d-7c6c-47d8-b100-3cbc190d268e
LONG BEACH STATE 49ERS,Big West Conference,Dan Monson,10/6/1961,10,6,1961,2007–08,1006,Libra,Ox,58,Long Beach State,49ers,11a617d5-af03-4cce-bc8a-51114d9e41fe
LONGWOOD LANCERS,Big South Conference,Griff Aldrich,10/10/1968,10,10,1968,2018–19,1010,Libra,Monkey,51,Longwood,Lancers,600aad0e-85e7-4db8-be0b-94ba02a08e55
LOUISIANA TECH BULLDOGS,Conference USA,Eric Konkol,11/24/1976,11,24,1976,2015–16,1124,Sagittarius,Dragon,43,Louisiana Tech,Bulldogs,8ff733a9-9f93-46de-ba7e-cf6f7e429670
LOUISIANA RAGIN' CAJUNS,Sun Belt Conference,Bob Marlin,3/5/1959,3,5,1959,2010–11,305,Pisces,Pig,60,Louisiana-Lafayette,Ragin' Cajuns,63cad858-8654-4956-8438-8fe79cd1208a
LOUISIANA–MONROE WARHAWKS,Sun Belt Conference,Keith Richard,10/1/1960,10,1,1960,2010–11,1001,Libra,Rat,59,Louisiana-Monroe,Warhawks,18585f21-1d63-4400-974c-433fd5073c34
LOUISVILLE CARDINALS,Atlantic Coast Conference,Chris Mack,12/30/1969,12,30,1969,2018–19,1230,Capricorn,Rooster,50,Louisville,Cardinals,b795ddbc-baab-4499-8803-52e8608520ab
LOYOLA (CHICAGO) RAMBLERS,Missouri Valley Conference,Porter Moser,8/24/1968,8,24,1968,2011–12,824,Virgo,Monkey,51,Loyola (IL),Ramblers,61a3908a-7492-4b6f-809e-12c61976bb0a
LOYOLA (MARYLAND) GREYHOUNDS,Patriot League,Tavaras Hardy,2/9/1980,2,9,1980,2018–19,209,Aquarius,Monkey,39,Loyola (MD),Greyhounds,175d34a7-3823-4e4f-9f11-2464f55360b8
LOYOLA MARYMOUNT LIONS,West Coast Conference,Mike Dunlap,5/27/1957,5,27,1957,2014–15,527,Gemini,Rooster,62,Loyola Marymount,Lions,441a11b4-b506-45b3-8030-fe72a4381c40
LSU TIGERS,Southeastern Conference,Will Wade,11/26/1982,11,26,1982,2017–18,1126,Sagittarius,Dog,37,LSU,Tigers,70e2bedd-3a0a-479c-ac99-e3f58aa6824b
MAINE BLACK BEARS,America East Conference,Richard Barron,2/3/1969,2,3,1969,2018–19,203,Aquarius,Rooster,50,Maine,Black Bears,0095032d-6143-44f2-8974-f6815fc56c5b
MANHATTAN JASPERS,Metro Atlantic Athletic Conference,Steve Masiello,9/2/1977,9,2,1977,2011–12,902,Virgo,Snake,42,Manhattan,Jaspers,7a270923-01d6-4a6f-a93e-e8786266d502
MARIST RED FOXES,Metro Atlantic Athletic Conference,John Dunne,6/11/1970,6,11,1970,2018–19,611,Gemini,Dog,49,Marist,Red Foxes,15d31915-fbd6-4ae3-8e4b-f3b563c56a18
MARQUETTE GOLDEN EAGLES,Big East Conference,Steve Wojciechowski,8/11/1976,8,11,1976,2014–15,811,Leo,Dragon,43,Marquette,Golden Eagles,06f7c904-0ac7-4125-b0f4-f4871bb69057
MARSHALL THUNDERING HERD,Conference USA,Dan D'Antoni,7/9/1947,7,9,1947,2014–15,709,Cancer,Pig,72,Marshall,Thundering Herd,58d8baa3-7624-4b21-a47f-a23df2bf8859
MARYLAND TERRAPINS,Big Ten Conference,Mark Turgeon,2/5/1965,2,5,1965,2011–12,205,Aquarius,Snake,54,Maryland,Terrapins,2778d005-cc14-4e58-9bf2-3fc37bffb62f
MARYLAND EASTERN SHORE HAWKS,Mid-Eastern Athletic Conference,Clifford Reed,4/12/1965,4,12,1965,2018–19,412,Aries,Snake,54,Maryland-Eastern Shore,Hawks,d20216d8-161c-46e3-b8d2-92208ddf5acf
UMASS MINUTEMEN,Atlantic 10 Conference,Matt McCall,12/12/1981,12,12,1981,2017–18,1212,Sagittarius,Rooster,38,Massachusetts,Minutemen,88104678-e53b-43b3-82f7-efb3a11cedb9
UMASS LOWELL RIVER HAWKS,America East Conference,Pat Duquette,11/4/1970,11,4,1970,2013–14,1104,Scorpio,Dog,49,Massachusetts-Lowell,River Hawks,4927ef8b-e680-4fb8-b10e-2ea3eff32eab
MCNEESE STATE COWBOYS,Southland Conference,Heath Schroyer,3/15/1972,3,15,1972,2018–19,315,Pisces,Rat,47,McNeese State,Cowboys,d2ef641c-70e4-48bb-b40d-ac654d179205
MEMPHIS TIGERS,American Athletic Conference,Penny Hardaway,7/18/1971,7,18,1971,2018–19,718,Cancer,Pig,48,Memphis,Tigers,1551b3a0-6d10-4ffa-8dfa-73b56f004553
MERCER BEARS,Southern Conference,Bob Hoffman,7/18/1957,7,18,1957,2008–09,718,Cancer,Rooster,62,Mercer,Bears,a14b0057-8eb5-43d2-a33b-666196da933e
MIAMI HURRICANES,Atlantic Coast Conference,Jim Larrañaga,10/2/1949,10,2,1949,2011–12,1002,Libra,Ox,70,Miami (FL),Hurricanes,7aec5187-cb1b-45e5-8f7d-406d766cdc73
MIAMI REDHAWKS,Mid-American Conference,Jack Owens,4/3/1977,4,3,1977,2017–18,403,Aries,Snake,42,Miami (OH),RedHawks,1165ca31-f181-4206-b727-c4e897e4b5cd
MICHIGAN WOLVERINES,Big Ten Conference,John Beilein,2/5/1953,2,5,1953,2007–08,205,Aquarius,Snake,66,Michigan,Wolverines,bdc2561d-f603-4fab-a262-f1d2af462277
MICHIGAN STATE SPARTANS,Big Ten Conference,Tom Izzo,1/30/1955,1,30,1955,1995–96,130,Aquarius,Goat,64,Michigan State,Spartans,a41d5a05-4c11-4171-a57e-e7a1ea325a6d
MIDDLE TENNESSEE BLUE RAIDERS,Conference USA,Nick McDevitt,4/21/1979,4,21,1979,2018–19,421,Taurus,Goat,40,Middle Tennessee,Blue Raiders,3d2f0819-8f3b-4ff3-afd6-6227c469a751
MILWAUKEE PANTHERS,Horizon League,Pat Baldwin,8/22/1972,8,22,1972,2017–18,822,Leo,Rat,47,Milwaukee,Panthers,5d77800f-1ae6-4b66-8e97-b0dbb8bbc717
MINNESOTA GOLDEN GOPHERS,Big Ten Conference,Richard Pitino,9/16/1982,9,16,1982,2013–14,916,Virgo,Dog,37,Minnesota,Golden Gophers,fa416692-7e09-4f0a-9bcf-0cf7d5149a14
MISSISSIPPI STATE BULLDOGS,Southeastern Conference,Ben Howland,5/28/1957,5,28,1957,2015–16,528,Gemini,Rooster,62,Mississippi State,Bulldogs,a1ba4b89-d97c-44e2-835f-79ad3ccaa5ae
MISSISSIPPI VALLEY STATE DELTA DEVILS,Southwestern Athletic Conference,Andre Payne,10/10/1968,10,10,1968,2014–15,1010,Libra,Monkey,51,Mississippi Valley State,Delta Devils,5873529e-e5e3-4a06-8a03-fa4cbe509880
MISSOURI TIGERS,Southeastern Conference,Cuonzo Martin,9/23/1971,9,23,1971,2017–18,923,Libra,Pig,48,Missouri,Tigers,77ca152a-cb2f-48a5-97b2-492351250d94
MISSOURI STATE BEARS,Missouri Valley Conference,Dana Ford,6/9/1984,6,9,1984,2018–19,609,Gemini,Rat,35,Missouri State,Bears,b83de2df-328f-4303-9895-cdff048fb1ed
MONMOUTH HAWKS,Metro Atlantic Athletic Conference,King Rice,12/14/1968,12,14,1968,2011–12,1214,Sagittarius,Monkey,51,Monmouth,Hawks,3db7336c-c18a-441b-912e-e2a4408f12ea
MONTANA GRIZZLIES,Big Sky Conference,Travis DeCuire,11/21/1970,11,21,1970,2014–15,1121,Scorpio,Dog,49,Montana,Grizzlies,e3848467-66c0-41e5-8283-02e3586d8601
MONTANA STATE BOBCATS,Big Sky Conference,Brian Fish,12/20/1965,12,20,1965,2014–15,1220,Sagittarius,Snake,54,Montana State,Bobcats,bec40585-b587-4548-93f5-b7c00b046aea
MOREHEAD STATE EAGLES,Ohio Valley Conference,Preston Spradlin,12/30/1986,12,30,1986,2016–17,1230,Capricorn,Ox,33,Morehead State,Eagles,b7747a03-c85b-4de6-94bf-1b5b68553248
MORGAN STATE BEARS,Mid-Eastern Athletic Conference,Todd Bozeman,12/5/1963,12,5,1963,2006–07,1205,Sagittarius,Rabbit,56,Morgan State,Bears,576b816b-5b9a-4768-a62b-f8435a8272c2
MOUNT ST. MARY'S MOUNTAINEERS,Northeast Conference,Dan Engelstad,10/10/1968,10,10,1968,2018–19,1010,Libra,Monkey,51,Mount St. Mary's,Mountaineers,5fe4a398-1699-4442-a364-305b2f0ac01e
MURRAY STATE RACERS,Ohio Valley Conference,Matt McMahon,4/26/1978,4,26,1978,2015–16,426,Taurus,Horse,41,Murray State,Racers,77a69fb0-1355-4342-ac09-b4cc7949d95e
NJIT HIGHLANDERS,Atlantic Sun Conference,Brian Kennedy,10/10/1968,10,10,1968,2016–17,1010,Libra,Monkey,51,N.J.I.T.,Highlanders,500d7223-ecff-494b-9539-28427156c783
NAVY MIDSHIPMEN,Patriot League,Ed DeChellis,11/14/1958,11,14,1958,2011–12,1114,Scorpio,Dog,61,Navy,Midshipmen,3b088563-ca8a-49a6-9e19-5e4cb186ae1d
NEBRASKA CORNHUSKERS,Big Ten Conference,Tim Miles,8/20/1966,8,20,1966,2012–13,820,Leo,Horse,53,Nebraska,Cornhuskers,f8b1bf00-5b73-4ac4-98c0-ec554027ae32
OMAHA MAVERICKS,Summit League,Derrin Hansen,12/15/1967,12,15,1967,2011–12,1215,Sagittarius,Goat,52,Nebraska-Omaha,Mavericks,68d2aa5b-714f-4652-96f3-b71e1752413f
NEVADA WOLF PACK,Mountain West Conference,Eric Musselman,11/19/1964,11,19,1964,2015–16,1119,Scorpio,Dragon,55,Nevada,Wolf Pack,62a73b4a-e281-4483-a1f8-f1160a18e456
NEW HAMPSHIRE WILDCATS,America East Conference,Bill Herrion,4/6/1958,4,6,1958,2005–06,406,Aries,Dog,61,New Hampshire,Wildcats,93cb009e-5bbf-4081-b2c9-44028fe28096
NEW MEXICO LOBOS,Mountain West Conference,Paul Weir,6/12/1979,6,12,1979,2017–18,612,Gemini,Goat,40,New Mexico,Lobos,1b1977ec-b32f-4ce3-95a4-d07bab4816cd
NEW MEXICO STATE AGGIES,Western Athletic Conference,Chris Jans,4/12/1969,4,12,1969,2017–18,412,Aries,Rooster,50,New Mexico State,Aggies,5016fe1a-9571-4d10-bf5b-b9c1b496bd57
NEW ORLEANS PRIVATEERS,Southland Conference,Mark Slessinger,5/2/1974,5,2,1974,2011–12,502,Taurus,Tiger,45,New Orleans,Privateers,e7ff6d5c-07e9-42af-955d-0a0b8c1e2288
NIAGARA PURPLE EAGLES,Metro Atlantic Athletic Conference,Chris Casey,10/15/1963,10,15,1963,2013–14,1015,Libra,Rabbit,56,Niagara,Purple Eagles,f7575278-12ec-494a-b544-427c1759d43d
NICHOLLS STATE COLONELS,Southland Conference,Austin Claunch,11/17/1989,11,17,1989,2018–19,1117,Scorpio,Ox,30,Nicholls State,Colonels,c0d19efd-d40c-4e32-8e90-dbcb28178b5d
NORFOLK STATE SPARTANS,Mid-Eastern Athletic Conference,Robert Jones,6/26/1979,6,26,1979,2013–14,626,Cancer,Goat,40,Norfolk State,Spartans,a8f75c12-c4db-401f-99e3-b48209d85274
NORTH ALABAMA LIONS,Atlantic Sun Conference,Tony Pujol,10/10/1968,10,10,1968,2018–19,1010,Libra,Monkey,51,North Alabama,Lions,61db8108-45f1-43e5-ade8-83278324bc7d
NORTH CAROLINA TAR HEELS,Atlantic Coast Conference,Roy Williams,8/1/1950,8,1,1950,2003–04,801,Leo,Tiger,69,North Carolina,Tar Heels,e9ca48b2-00ba-41c0-a02b-6885a2da1ff1
NORTH CAROLINA A&T AGGIES,Mid-Eastern Athletic Conference,Jay Joyner,10/10/1968,10,10,1968,2015–16,1010,Libra,Monkey,51,North Carolina A&T,Aggies,53aaac6a-796e-41a6-a04e-6ce74c5717f8
NORTH CAROLINA CENTRAL EAGLES,Mid-Eastern Athletic Conference,LeVelle Moton,6/16/1974,6,16,1974,2009–10,616,Gemini,Tiger,45,North Carolina Central,Eagles,e4c315a0-e83f-4d14-856e-34a0463059e3
NC STATE WOLFPACK,Atlantic Coast Conference,Kevin Keatts,7/28/1972,7,28,1972,2017–18,728,Leo,Rat,47,North Carolina State,Wolfpack,52df1e19-b142-4a76-a439-ad68455d0581
UNC WILMINGTON SEAHAWKS,Colonial Athletic Association,C.B. McGrath,11/21/1975,11,21,1975,2017–18,1121,Scorpio,Rabbit,44,North Carolina-Wilmington,Seahawks,c54279f9-3028-4663-893a-7d22482f8098
NORTH DAKOTA FIGHTING HAWKS,Summit League,Brian Jones,4/22/1971,4,22,1971,2006–07,422,Taurus,Pig,48,North Dakota,Fighting Hawks,de8fc8a7-253f-4597-8a48-a0104ef226ae
NORTH DAKOTA STATE BISON,Summit League,David Richman,5/1/1978,5,1,1978,2014–15,501,Taurus,Horse,41,North Dakota State,Bison,984e7518-e418-45d5-9797-979b8c2085c1
NORTH FLORIDA OSPREYS,Atlantic Sun Conference,Matthew Driscoll,12/14/1964,12,14,1964,2009–10,1214,Sagittarius,Dragon,55,North Florida,Ospreys,09920a5f-1b25-466c-b5ae-6167214f5ba9
NORTH TEXAS MEAN GREEN,Conference USA,Grant McCasland,10/14/1976,10,14,1976,2017–18,1014,Libra,Dragon,43,North Texas,Mean Green,10f450ce-143b-4e46-8bfe-52c644b68b07
NORTHEASTERN HUSKIES,Colonial Athletic Association,Bill Coen,5/3/1961,5,3,1961,2006–07,503,Taurus,Ox,58,Northeastern,Huskies,93df9b18-e9fc-42a7-bb45-a736c203b4dc
NORTHERN ARIZONA LUMBERJACKS,Big Sky Conference,Jack Murphy,7/25/1979,7,25,1979,2012–13,725,Leo,Goat,40,Northern Arizona,Lumberjacks,1753768d-e46e-40b1-8d69-a8ae5cccec03
NORTHERN COLORADO BEARS,Big Sky Conference,Jeff Linder,10/10/1968,10,10,1968,2016–17,1010,Libra,Monkey,51,Northern Colorado,Bears,7e42fa84-68cd-47a6-b49a-18b5414d8084
NORTHERN ILLINOIS HUSKIES,Mid-American Conference,Mark Montgomery,4/1/1970,4,1,1970,2011–12,401,Aries,Dog,49,Northern Illinois,Huskies,3f0ac618-3742-471a-9d1f-03e08f3deca2
NORTHERN IOWA PANTHERS,Missouri Valley Conference,Ben Jacobson,12/16/1970,12,16,1970,2006–07,1216,Sagittarius,Dog,49,Northern Iowa,Panthers,2c93a75d-5449-4ec1-9ca2-1e6c812399a4
NORTHERN KENTUCKY NORSE,Horizon League,John Brannen,1/18/1974,1,18,1974,2015–16,118,Capricorn,Tiger,45,Northern Kentucky,Norse,ab9a1315-293f-42d3-a164-860216e81576
NORTHWESTERN WILDCATS,Big Ten Conference,Chris Collins,4/19/1974,4,19,1974,2013–14,419,Aries,Tiger,45,Northwestern,Wildcats,4b7dedc0-7b48-49a4-aad6-8a94a33274d2
NORTHWESTERN STATE DEMONS,Southland Conference,Mike McConathy,12/27/1955,12,27,1955,1999–2000,1227,Capricorn,Goat,64,Northwestern State,Demons,71874e7e-8260-43f9-bb7c-65f267dbe8ce
NOTRE DAME FIGHTING IRISH,Atlantic Coast Conference,Mike Brey,3/22/1959,3,22,1959,2000–01,322,Aries,Pig,60,Notre Dame,Fighting Irish,80962f09-8821-48b6-8cf0-0cf0eea56aa8
OAKLAND GOLDEN GRIZZLIES,Horizon League,Greg Kampe,12/5/1955,12,5,1955,1984–85,1205,Sagittarius,Goat,64,Oakland,Golden Grizzlies,aeaaef0d-5238-414e-ac04-c55a22cba208
OHIO BOBCATS,Mid-American Conference,Saul Phillips,10/10/1972,10,10,1972,2014–15,1010,Libra,Rat,47,Ohio,Bobcats,327f09e2-e75f-4014-8ef7-caf9202cd583
OHIO STATE BUCKEYES,Big Ten Conference,Chris Holtmann,11/11/1971,11,11,1971,2017–18,1111,Scorpio,Pig,48,Ohio State,Buckeyes,857462b3-0ab6-4d26-9669-10ca354e382b
OKLAHOMA SOONERS,Big 12 Conference,Lon Kruger,8/19/1952,8,19,1952,2011–12,819,Leo,Dragon,67,Oklahoma,Sooners,b2fda957-e15c-4fb2-8a13-6e58496f561e
OKLAHOMA STATE COWBOYS,Big 12 Conference,Mike Boynton,1/17/1982,1,17,1982,2017–18,117,Capricorn,Dog,37,Oklahoma State,Cowboys,8ab00d43-840a-4c96-bdee-bf88fa6e3f11
OLD DOMINION MONARCHS,Conference USA,Jeff Jones,6/29/1960,6,29,1960,2013–14,629,Cancer,Rat,59,Old Dominion,Monarchs,ce967953-5c50-4220-87b2-99acb9606e84
OLE MISS REBELS,Southeastern Conference,Kermit Davis,12/14/1959,12,14,1959,2018–19,1214,Sagittarius,Pig,60,Ole Miss,Rebels,d7d668ec-edaa-4d6b-be25-2ebba4128643
ORAL ROBERTS GOLDEN EAGLES,Summit League,Paul Mills,4/4/1972,4,4,1972,2017–18,404,Aries,Rat,47,Oral Roberts,Golden Eagles,095417ae-62b0-4109-afc4-d92918599dd4
OREGON DUCKS,Pac-12 Conference,Dana Altman,6/16/1958,6,16,1958,2010–11,616,Gemini,Dog,61,Oregon,Ducks,1da70895-f77f-44ef-b216-d63c02e696eb
OREGON STATE BEAVERS,Pac-12 Conference,Wayne Tinkle,1/26/1966,1,26,1966,2014–15,126,Aquarius,Horse,53,Oregon State,Beavers,532d3874-b4b3-4c5c-acc6-749a6db26c8f
PACIFIC TIGERS,West Coast Conference,Damon Stoudamire,9/3/1973,9,3,1973,2016–17,903,Virgo,Ox,46,Pacific,Tigers,c9570e17-c4fd-41e6-908a-1a083941319d
PENN STATE NITTANY LIONS,Big Ten Conference,Pat Chambers,12/13/1970,12,13,1970,2011–12,1213,Sagittarius,Dog,49,Penn State,Nittany Lions,4aebd148-8119-4875-954c-66779867989b
PENN QUAKERS,Ivy League,Steve Donahue,5/21/1962,5,21,1962,2015–16,521,Gemini,Tiger,57,Pennsylvania,Quakers,e6c94452-1adf-4fb9-90e5-10f165c57c5a
PEPPERDINE WAVES,West Coast Conference,Lorenzo Romar,11/13/1958,11,13,1958,2018–19,1113,Scorpio,Dog,61,Pepperdine,Waves,17479d6f-c8f1-458b-9412-8c76279a2bb4
PITTSBURGH PANTHERS,Atlantic Coast Conference,Jeff Capel III,2/12/1975,2,12,1975,2018–19,212,Aquarius,Rabbit,44,Pittsburgh,Panthers,24051034-96bb-4f78-a3a6-312f3258780f
PORTLAND PILOTS,West Coast Conference,Terry Porter,4/8/1963,4,8,1963,2016–17,408,Aries,Rabbit,56,Portland,Pilots,224e3b21-30e7-4a05-9e8c-62721d581db8
PORTLAND STATE VIKINGS,Big Sky Conference,Barret Peery,4/3/1971,4,3,1971,2017–18,403,Aries,Pig,48,Portland State,Vikings,79965018-7f6f-4273-9eef-65c99b592b01
PRAIRIE VIEW A&M PANTHERS,Southwestern Athletic Conference,Byron Smith,9/26/1969,9,26,1969,2015–16,926,Libra,Rooster,50,Prairie View A&M,Panthers,91ec9ba2-12e5-4a75-9410-a166c82163fd
PRESBYTERIAN BLUE HOSE,Big South Conference,Dustin Kerns,10/10/1968,10,10,1968,2017–18,1010,Libra,Monkey,51,Presbyterian,Blue Hose,b06b63b0-20e6-4c78-bdcf-5feac3d7995e
PRINCETON TIGERS,Ivy League,Mitch Henderson,8/14/1975,8,14,1975,2011–12,814,Leo,Rabbit,44,Princeton,Tigers,fe406882-9f22-495e-9df6-ef357a6803c6
PROVIDENCE FRIARS,Big East Conference,Ed Cooley,9/10/1969,9,10,1969,2011–12,910,Virgo,Rooster,50,Providence,Friars,7d3b9c72-cbdd-4b64-9aa3-a5bde9b75fdc
PURDUE BOILERMAKERS,Big Ten Conference,Matt Painter,8/27/1970,8,27,1970,2005–06,827,Virgo,Dog,49,Purdue,Boilermakers,12d7f888-675b-459f-9099-a38f771d8a95
PURDUE FORT WAYNE MASTODONS,Summit League,Jon Coffman,7/28/1973,7,28,1973,2014–15,728,Leo,Ox,46,Purdue Fort Wayne,Mastodons,22984593-0701-4648-b8a8-f6d695238620
QUINNIPIAC BOBCATS,Metro Atlantic Athletic Conference,Baker Dunleavy,10/5/1982,10,5,1982,2017–18,1005,Libra,Dog,37,Quinnipiac,Bobcats,6a8d2a24-2128-47a0-913f-3d29e9d6592c
RADFORD HIGHLANDERS,Big South Conference,Mike Jones,4/30/1965,4,30,1965,2011–12,430,Taurus,Snake,54,Radford,Highlanders,f2cf9ba2-ac8c-4d92-8e7a-48dd88e8f40b
RHODE ISLAND RAMS,Atlantic 10 Conference,David Cox,10/17/1973,10,17,1973,2018–19,1017,Libra,Ox,46,Rhode Island,Rams,7e42bca2-3cd7-4aca-aa46-f190fe5d8eb4
RICE OWLS,Conference USA,Scott Pera,8/27/1967,8,27,1967,2017–18,827,Virgo,Goat,52,Rice,Owls,bb384635-c3a0-459a-8f13-fcd7177313e5
RICHMOND SPIDERS,Atlantic 10 Conference,Chris Mooney,8/7/1972,8,7,1972,2005–06,807,Leo,Rat,47,Richmond,Spiders,9b66e1e0-aace-4671-9be2-54c8acf5ecfc
RIDER BRONCS,Metro Atlantic Athletic Conference,Kevin Baggett,5/3/1966,5,3,1966,2012–13,503,Taurus,Horse,53,Rider,Broncs,0b73b9b9-1e29-4b14-b5d8-0405fe942e32
ROBERT MORRIS COLONIALS,Northeast Conference,Andrew Toole,9/11/1980,9,11,1980,2010–11,911,Virgo,Monkey,39,Robert Morris,Colonials,6906e22d-92fa-40cb-8c05-ec8391ac1979
RUTGERS SCARLET KNIGHTS,Big Ten Conference,Steve Pikiell,11/21/1967,11,21,1967,2016–17,1121,Scorpio,Goat,52,Rutgers,Scarlet Knights,b03bb029-4499-4a2c-9074-5071ed360b21
SACRAMENTO STATE HORNETS,Big Sky Conference,Brian Katz,11/15/1957,11,15,1957,2008–09,1115,Scorpio,Rooster,62,Sacramento State,Hornets,1dc13b18-f9b3-4bb9-b1cf-979fcd8c2b6f
SACRED HEART PIONEERS,Northeast Conference,Anthony Latina,12/13/1973,12,13,1973,2013–14,1213,Sagittarius,Ox,46,Sacred Heart,Pioneers,3556d445-b3f1-467e-b150-952b32dfb150
SAINT JOSEPH'S HAWKS,Atlantic 10 Conference,Phil Martelli,8/31/1954,8,31,1954,1995–96,831,Virgo,Horse,65,Saint Joseph's (PA),Hawks,f9e4261e-d11d-46c4-bd33-c7bbc94ef0e8
SAINT LOUIS BILLIKENS,Atlantic 10 Conference,Travis Ford,12/29/1969,12,29,1969,2016–17,1229,Capricorn,Rooster,50,Saint Louis,Billikens,1e42cce3-236b-4f3e-9650-2c45e6332e1e
SAINT MARY'S GAELS,West Coast Conference,Randy Bennett,6/9/1962,6,9,1962,2001–02,609,Gemini,Tiger,57,Saint Mary's,Gaels,b18f34af-a7f1-4659-a2e5-fc11a31cd316
SAM HOUSTON STATE BEARKATS,Southland Conference,Jason Hooten,4/20/1969,4,20,1969,2010–11,420,Taurus,Rooster,50,Sam Houston State,Bearkats,67322042-9c40-4dc2-b33a-4754c02ec82a
SAMFORD BULLDOGS,Southern Conference,Scott Padgett,4/19/1976,4,19,1976,2014–15,419,Taurus,Dragon,43,Samford,Bulldogs,c13f96ba-c79c-452f-9f63-3b45fae4e543
SAN DIEGO TOREROS,West Coast Conference,Sam Scholl,11/11/1977,11,11,1977,2018–19,1111,Scorpio,Snake,42,San Diego,Toreros,620d5944-7156-47d3-aad5-5b3824557d03
SAN DIEGO STATE AZTECS,Mountain West Conference,Brian Dutcher,10/30/1959,10,30,1959,2017–18,1030,Scorpio,Pig,60,San Diego State,Aztecs,e6914f16-ca37-4d2e-ba26-a425910283e2
SAN FRANCISCO DONS,West Coast Conference,Kyle Smith,6/15/1969,6,15,1969,2016–17,615,Gemini,Rooster,50,San Francisco,Dons,d24efd99-8717-43b9-a086-9986a684ac04
SAN JOSE STATE SPARTANS,Mountain West Conference,Jean Prioleau,3/30/1970,3,30,1970,2017–18,330,Aries,Dog,49,San Jose State,Spartans,29de4e5e-ee5b-48c8-bffc-1972e7da1e30
SANTA CLARA BRONCOS,West Coast Conference,Herb Sendek,2/22/1963,2,22,1963,2016–17,222,Pisces,Rabbit,56,Santa Clara,Broncos,28023973-1d9d-4d01-b939-dc8f9b44fb1c
SAVANNAH STATE TIGERS,Mid-Eastern Athletic Conference,Horace Broadnax,3/22/1964,3,22,1964,2005–06,322,Aries,Dragon,55,Savannah State,Tigers,3eacc387-0ad8-4c5e-a666-c8ab447d224f
SEATTLE REDHAWKS,Western Athletic Conference,Jim Hayford,5/5/1967,5,5,1967,2017–18,505,Taurus,Goat,52,Seattle,Redhawks,7e100f63-0b32-49f6-a954-f5b7c8cf48ad
SETON HALL PIRATES,Big East Conference,Kevin Willard,4/6/1975,4,6,1975,2010–11,406,Aries,Rabbit,44,Seton Hall,Pirates,aef5e386-d8e8-460c-8014-3a2f090fd988
SIENA SAINTS,Metro Atlantic Athletic Conference,Jamion Christian,4/18/1982,4,18,1982,2018–19,418,Aries,Dog,37,Siena,Saints,aba39ad0-6d9f-4946-bf7e-5c63bf966ce6
SIU EDWARDSVILLE COUGARS,Ohio Valley Conference,Jon Harris,10/10/1968,10,10,1968,2015–16,1010,Libra,Monkey,51,SIU-Edwardsville,Cougars,c206712f-2298-4279-b76c-834ac42809b9
SMU MUSTANGS,American Athletic Conference,Tim Jankovich,6/4/1959,6,4,1959,2016–17,604,Gemini,Pig,60,SMU,Mustangs,3f4515ea-4472-46b9-ac9e-16d7d8f22a38
SOUTH ALABAMA JAGUARS,Sun Belt Conference,Richie Riley,1/8/1983,1,8,1983,2018–19,108,Capricorn,Pig,36,South Alabama,Jaguars,10c614fa-9646-46cf-a1fb-5af96772bbb8
SOUTH CAROLINA GAMECOCKS,Southeastern Conference,Frank Martin,3/23/1966,3,23,1966,2012–13,323,Aries,Horse,53,South Carolina,Gamecocks,1c7ec608-3b36-4cee-adac-9265e3792597
SOUTH CAROLINA STATE BULLDOGS,Mid-Eastern Athletic Conference,Murray Garvin,1/25/1974,1,25,1974,2012–13,125,Aquarius,Tiger,45,South Carolina State,Bulldogs,a44f8c85-7ab6-4a4e-b6f1-c69a4cabe1ed
SOUTH DAKOTA COYOTES,Summit League,Todd Lee,10/10/1968,10,10,1968,2018–19,1010,Libra,Monkey,51,South Dakota,Coyotes,c946b7ac-5159-4817-93c4-fc9495c6425b
SOUTH DAKOTA STATE JACKRABBITS,Summit League,T. J. Otzelberger,9/17/1977,9,17,1977,2016–17,917,Virgo,Snake,42,South Dakota State,Jackrabbits,6ef40534-5fad-4755-84de-7dcbd645d1f0
SOUTH FLORIDA BULLS,American Athletic Conference,Brian Gregory,12/15/1966,12,15,1966,2017–18,1215,Sagittarius,Horse,53,South Florida,Bulls,55af9c69-3675-4b9b-a882-96640b782fff
SOUTHEAST MISSOURI STATE REDHAWKS,Ohio Valley Conference,Rick Ray,5/8/1970,5,8,1970,2015–16,508,Taurus,Dog,49,Southeast Missouri State,Redhawks,6a7083ab-1832-48c0-9168-427b35adbcde
SOUTHEASTERN LOUISIANA LIONS,Southland Conference,Jay Ladner,12/8/1965,12,8,1965,2014–15,1208,Sagittarius,Snake,54,Southeastern Louisiana,Lions,55cd5bb4-b030-4a7a-9652-6cebaf81c574
SOUTHERN ILLINOIS SALUKIS,Missouri Valley Conference,Barry Hinson,5/12/1961,5,12,1961,2012–13,512,Taurus,Ox,58,Southern Illinois,Salukis,7cdfcf92-7fe7-46f1-9b66-6912114182e6
SOUTHERN MISS GOLDEN EAGLES,Conference USA,Doc Sadler,6/12/1960,6,12,1960,2014–15,612,Gemini,Rat,59,Southern Miss,Golden Eagles,6120ac5d-e0f2-4b28-9e6f-ee71596a7e88
SOUTHERN JAGUARS,Southwestern Athletic Conference,Sean Woods,3/29/1970,3,29,1970,2018–19,329,Aries,Dog,49,Southern University,Jaguars,a3b13d27-ec14-4a7d-88a2-0bc9f7b58984
SOUTHERN UTAH THUNDERBIRDS,Big Sky Conference,Todd Simon,8/3/1980,8,3,1980,2016–17,803,Leo,Monkey,39,Southern Utah,Thunderbirds,c7116621-45ed-4ab1-9ad9-dee524120569
ST. BONAVENTURE BONNIES,Atlantic 10 Conference,Mark Schmidt,2/12/1963,2,12,1963,2007–08,212,Aquarius,Rabbit,56,St. Bonaventure,Bonnies,22d90601-19d4-461b-a901-924d12f116ed
ST. FRANCIS BROOKLYN TERRIERS,Northeast Conference,Glenn Braica,9/16/1964,9,16,1964,2010–11,916,Virgo,Dragon,55,St. Francis (BKN),Terriers,e19cfc47-f23f-4c64-ba29-2e6d12dc45b2
SAINT FRANCIS RED FLASH,Northeast Conference,Rob Krimmel,9/27/1977,9,27,1977,2012–13,927,Libra,Snake,42,St. Francis (PA),Red Flash,6637ac5f-59c2-4888-af34-a86d138ccfb3
ST. JOHN'S RED STORM,Big East Conference,Chris Mullin,7/30/1963,7,30,1963,2015–16,730,Leo,Rabbit,56,St. John's,Red Storm,c1f4aae1-aa16-4095-aeab-10e5c2a1236a
SAINT PETER'S PEACOCKS,Metro Atlantic Athletic Conference,Shaheen Holloway,10/7/1976,10,7,1976,2018–19,1007,Libra,Dragon,43,St. Peter's,Peacocks,e66d7ed2-9b4c-48c8-adaa-a276793b057d
STANFORD CARDINAL,Pac-12 Conference,Jerod Haase,4/1/1974,4,1,1974,2016–17,401,Aries,Tiger,45,Stanford,Cardinal,683ab61f-546f-44da-b085-c3a5740554aa
STEPHEN F. AUSTIN LUMBERJACKS,Southland Conference,Kyle Keller,1/16/1968,1,16,1968,2016–17,116,Capricorn,Monkey,51,Stephen F. Austin,Lumberjacks,5ef64f01-86ae-4553-9834-c79cc0859eaf
STETSON HATTERS,Atlantic Sun Conference,Corey Williams,4/24/1970,4,24,1970,2013–14,424,Taurus,Dog,49,Stetson,Hatters,394d1b2b-7a19-4d43-b04a-5f366c24e5bf
STONY BROOK SEAWOLVES,America East Conference,Jeff Boals,9/5/1972,9,5,1972,2016–17,905,Virgo,Rat,47,Stony Brook,Seawolves,23426c0b-1705-4dfb-a0e2-efdbdd8fd6f6
SYRACUSE ORANGE,Atlantic Coast Conference,Jim Boeheim,11/17/1944,11,17,1944,1976–77,1117,Scorpio,Monkey,75,Syracuse,Orange,8cd24de1-2be8-4b77-bcfa-47be0495a5f4
TCU HORNED FROGS,Big 12 Conference,Jamie Dixon,11/10/1965,11,10,1965,2016–17,1110,Scorpio,Snake,54,TCU,Horned Frogs,f7fcbb6e-4a55-41ea-ba21-f763ed914467
TEMPLE OWLS,American Athletic Conference,Fran Dunphy,10/5/1948,10,5,1948,2006–07,1005,Libra,Rat,71,Temple,Owls,8598d1b6-106b-4083-a512-2e495729525a
TENNESSEE VOLUNTEERS,Southeastern Conference,Rick Barnes,7/17/1954,7,17,1954,2015–16,717,Cancer,Horse,65,Tennessee,Volunteers,b827dbdf-230f-4916-9703-3bb9004e26eb
TENNESSEE STATE TIGERS,Ohio Valley Conference,Brian Collins,3/23/1984,3,23,1984,2018–19,323,Aries,Rat,35,Tennessee State,Tigers,87721c44-53a2-47aa-9b3a-0f1c99b0f328
TENNESSEE TECH GOLDEN EAGLES,Ohio Valley Conference,Steve Payne,2/12/1968,2,12,1968,2011–12,212,Aquarius,Monkey,51,Tennessee Tech,Golden Eagles,fe037cba-25d9-42f5-a461-61d7102c17de
UT MARTIN SKYHAWKS,Ohio Valley Conference,Anthony Stewart,4/15/1970,4,15,1970,2016–17,415,Aries,Dog,49,Tennessee-Martin,Skyhawks,9febd5fa-982f-4f40-ad1d-8e49be96cf4f
TEXAS LONGHORNS,Big 12 Conference,Shaka Smart,4/8/1977,4,8,1977,2015–16,408,Aries,Snake,42,Texas,Longhorns,6ed15092-2670-450a-99c2-61d861e87644
TEXAS A&M AGGIES,Southeastern Conference,Billy Kennedy,2/2/1964,2,2,1964,2011–12,202,Aquarius,Dragon,55,Texas A&M,Aggies,ef184799-d79b-49d9-a662-991eaf4044cd
TEXAS A&M–CORPUS CHRISTI ISLANDERS,Southland Conference,Willis Wilson,3/22/1960,3,22,1960,2011–12,322,Aries,Rat,59,Texas A&M-CC,Islanders,fe21a988-3e96-4f3c-8f9f-b449ccda43b0
UTRGV VAQUEROS,Western Athletic Conference,Lew Hill,10/10/1968,10,10,1968,2016–17,1010,Libra,Monkey,51,Texas Rio Grande Valley,Vaqueros,92456e1e-f48c-4385-96ab-14cb27d18726
TEXAS SOUTHERN TIGERS,Southwestern Athletic Conference,Johnny Jones,3/30/1961,3,30,1961,2018–19,330,Aries,Ox,58,Texas Southern,Tigers,eb157f98-0697-459c-9293-ddb162ceb28b
TEXAS STATE BOBCATS,Sun Belt Conference,Danny Kaspar,11/16/1954,11,16,1954,2013–14,1116,Scorpio,Horse,65,Texas State,Bobcats,1e5dc9e4-c60d-487b-8279-dfbec9229faa
TEXAS TECH RED RAIDERS,Big 12 Conference,Chris Beard,2/18/1973,2,18,1973,2016–17,218,Aquarius,Ox,46,Texas Tech,Red Raiders,f8c705b7-87d3-411a-9c8b-5124daab0469
TEXAS–ARLINGTON MAVERICKS,Sun Belt Conference,Chris Ogden,10/16/1980,10,16,1980,2018–19,1016,Libra,Monkey,39,Texas-Arlington,Mavericks,7c2b372b-b5f0-466e-90cf-880beec57584
TOLEDO ROCKETS,Mid-American Conference,Tod Kowalczyk,6/19/1966,6,19,1966,2010–11,619,Gemini,Horse,53,Toledo,Rockets,34dd83ac-64f2-4b73-8577-899b2a46f5cc
TOWSON TIGERS,Colonial Athletic Association,Pat Skerry,1/21/1970,1,21,1970,2011–12,121,Aquarius,Dog,49,Towson,Tigers,6f3eec09-2918-4739-a0e8-5d79e14a8332
TROY TROJANS,Sun Belt Conference,Phil Cunningham,10/17/1966,10,17,1966,2013–14,1017,Libra,Horse,53,Troy,Trojans,6373b18c-62f6-49bc-bd4c-8959a2466516
TULANE GREEN WAVE,American Athletic Conference,Mike Dunleavy Sr.,3/21/1954,3,21,1954,2016–17,321,Aries,Horse,65,Tulane,Green Wave,399ad7fb-de60-45a6-a71f-d26e00f1a4ec
TULSA GOLDEN HURRICANE,American Athletic Conference,Frank Haith,11/3/1965,11,3,1965,2014–15,1103,Scorpio,Snake,54,Tulsa,Golden Hurricane,2959bd24-7007-41ae-a3a3-abdf26888cfc
UAB BLAZERS,Conference USA,Robert Ehsan,5/3/1982,5,3,1982,2016–17,503,Taurus,Dog,37,UAB,Blazers,63a8fdcf-b51b-4de3-8a57-2a6e41d362ce
UC DAVIS AGGIES,Big West Conference,Jim Les,8/18/1963,8,18,1963,2011–12,818,Leo,Rabbit,56,UC Davis,Aggies,8aaad1c0-d16e-4b9f-8541-dac670addd71
UC IRVINE ANTEATERS,Big West Conference,Russell Turner,10/24/1970,10,24,1970,2010–11,1024,Scorpio,Dog,49,UC Irvine,Anteaters,39d00ef7-320d-47cf-a2fa-859bc24d16b4
UC RIVERSIDE HIGHLANDERS,Big West Conference,David Patrick,2/21/1976,2,21,1976,2018–19,221,Pisces,Dragon,43,UC Riverside,Highlanders,6b170a32-8445-4cb1-8638-724996c3094b
UC SANTA BARBARA GAUCHOS,Big West Conference,Joe Pasternack,4/15/1977,4,15,1977,2017–18,415,Aries,Snake,42,UC Santa Barbara,Gauchos,3b6293f3-03db-46d2-8793-248963c2d83b
UCF KNIGHTS,American Athletic Conference,Johnny Dawkins,9/28/1963,9,28,1963,2016–17,928,Libra,Rabbit,56,UCF,Knights,054c3e85-0552-4549-b123-7e84af6e7b6c
UCLA BRUINS,Pac-12 Conference,Steve Alford,11/23/1964,11,23,1964,2013–14,1123,Sagittarius,Dragon,55,UCLA,Bruins,ec0d6b67-4b16-4b50-92b2-1a651dae6b0f
UMBC RETRIEVERS,America East Conference,Ryan Odom,7/11/1974,7,11,1974,2016–17,711,Cancer,Tiger,45,UMBC,Retrievers,32755362-6336-4dd3-ac34-6f72a6cc150b
UMKC KANGAROOS,Western Athletic Conference,Kareem Richardson,8/8/1974,8,8,1974,2013–14,808,Leo,Tiger,45,UMKC,Kangaroos,820c8f26-cf11-4997-b2e2-19f47bd2f72f
UNC ASHEVILLE BULLDOGS,Big South Conference,Mike Morrell,8/22/1982,8,22,1982,2018–19,822,Leo,Dog,37,UNC Asheville,Bulldogs,ad9fce12-6b1a-400c-bcbe-29d84d065fc0
UNC GREENSBORO SPARTANS,Southern Conference,Wes Miller,1/28/1983,1,28,1983,2011–12,128,Aquarius,Pig,36,UNC Greensboro,Spartans,612f7f66-1de1-4d42-b842-9a508daab911
UNLV RUNNIN' REBELS,Mountain West Conference,Marvin Menzies,10/15/1961,10,15,1961,2016–17,1015,Libra,Ox,58,UNLV,Rebels,68a3227f-677f-43b0-9a3a-cad79d0df9e2
USC TROJANS,Pac-12 Conference,Andy Enfield,6/8/1969,6,8,1969,2013–14,608,Gemini,Rooster,50,USC,Trojans,3a000455-de7c-4ca8-880e-abdce7f21da9
SOUTH CAROLINA UPSTATE SPARTANS,Big South Conference,Dave Dickerson,3/29/1967,3,29,1967,2018–19,329,Aries,Goat,52,USC Upstate,Spartans,2e78bd1b-9422-491e-9c73-37cf83b0e34e
UTAH UTES,Pac-12 Conference,Larry Krystkowiak,9/23/1964,9,23,1964,2011–12,923,Libra,Dragon,55,Utah,Utes,0d037a5d-827a-44dd-8b70-57603d671d5d
UTAH STATE AGGIES,Mountain West Conference,Craig Smith,12/14/1972,12,14,1972,2018–19,1214,Sagittarius,Rat,47,Utah State,Aggies,7672ff16-8436-47e6-8546-0fb5494ec7ee
UTAH VALLEY WOLVERINES,Western Athletic Conference,Mark Pope,9/11/1972,9,11,1972,2015–16,911,Virgo,Rat,47,Utah Valley,Wolverines,4200f37c-86e0-413e-a5c4-e5edf1e272e7
UTEP MINERS,Conference USA,Rodney Terry,3/27/1968,3,27,1968,2018–19,327,Aries,Monkey,51,UTEP,Miners,06d15d35-4955-4fdd-83d9-32d24dbd795b
UTSA ROADRUNNERS,Conference USA,Steve Henson,2/2/1968,2,2,1968,2016–17,202,Aquarius,Monkey,51,UTSA,Roadrunners,953151f2-1e42-4cb0-a99e-202493a64dcf
VALPARAISO CRUSADERS,Missouri Valley Conference,Matt Lottich,7/29/1982,7,29,1982,2016–17,729,Leo,Dog,37,Valparaiso,Crusaders,df3da9d7-2d2b-44e2-99e2-08c4945a203b
VANDERBILT COMMODORES,Southeastern Conference,Bryce Drew,9/21/1974,9,21,1974,2016–17,921,Virgo,Tiger,45,Vanderbilt,Commodores,72971b77-1d35-40b3-bb63-4c5b29f3d22b
VERMONT CATAMOUNTS,America East Conference,John Becker,4/17/1968,4,17,1968,2011–12,417,Aries,Monkey,51,Vermont,Catamounts,18e89867-9201-41ce-ba19-fadddf92fa17
VILLANOVA WILDCATS,Big East Conference,Jay Wright,12/24/1961,12,24,1961,2001–02,1224,Capricorn,Ox,58,Villanova,Wildcats,4383eb6a-7fd8-4ff2-94c5-43c933121e88
VIRGINIA CAVALIERS,Atlantic Coast Conference,Tony Bennett,6/1/1969,6,1,1969,2009–10,601,Gemini,Rooster,50,Virginia,Cavaliers,56913910-87f7-4ad7-ae3b-5cd9fb218fd9
VCU RAMS,Atlantic 10 Conference,Mike Rhoades,9/21/1972,9,21,1972,2017–18,921,Virgo,Rat,47,Virginia Commonwealth,Rams,c1c1e6df-a383-4fbd-ba7b-32d4f9ef9518
VMI KEYDETS,Southern Conference,Dan Earl,10/12/1974,10,12,1974,2015–16,1012,Libra,Tiger,45,Virginia Military,Keydets,227d3567-d57b-417e-afc4-735e4cb308a1
VIRGINIA TECH HOKIES,Atlantic Coast Conference,Buzz Williams,9/1/1972,9,1,1972,2014–15,901,Virgo,Rat,47,Virginia Tech,Hokies,324ccccc-575b-4b82-acb0-fbb8e68da13b
WAGNER SEAHAWKS,Northeast Conference,Bashir Mason,2/11/1984,2,11,1984,2012–13,211,Aquarius,Rat,35,Wagner,Seahawks,3b644902-cd06-4930-9a3e-6c78cfb1f464
WAKE FOREST DEMON DEACONS,Atlantic Coast Conference,Danny Manning,5/17/1966,5,17,1966,2014–15,517,Taurus,Horse,53,Wake Forest,Demon Deacons,4fbebf0a-e117-4a0c-8f15-c247535a2a1b
WASHINGTON HUSKIES,Pac-12 Conference,Mike Hopkins,8/6/1969,8,6,1969,2017–18,806,Leo,Rooster,50,Washington,Huskies,e52c9644-717a-46f4-bf16-aeca000b3b44
WASHINGTON STATE COUGARS,Pac-12 Conference,Ernie Kent,1/22/1955,1,22,1955,2014–15,122,Aquarius,Goat,64,Washington State,Cougars,2d4f0015-adb4-4877-8c15-4a6eed7eed03
WEBER STATE WILDCATS,Big Sky Conference,Randy Rahe,6/12/1960,6,12,1960,2006–07,612,Gemini,Rat,59,Weber State,Wildcats,4743cb7c-784a-4b95-a380-5471f92f2217
WEST VIRGINIA MOUNTAINEERS,Big 12 Conference,Bob Huggins,9/21/1953,9,21,1953,2007–08,921,Virgo,Snake,66,West Virginia,Mountaineers,f770d3a2-221c-49ce-9c7a-680f7417fe9e
WESTERN CAROLINA CATAMOUNTS,Southern Conference,Mark Prosser,10/10/1968,10,10,1968,2018–19,1010,Libra,Monkey,51,Western Carolina,Catamounts,6bff595c-32cb-4028-837c-c7de2a2107e6
WESTERN ILLINOIS LEATHERNECKS,Summit League,Billy Wright,9/15/1974,9,15,1974,2014–15,915,Virgo,Tiger,45,Western Illinois,Leathernecks,cc9e5424-ab3b-41ec-b2aa-7e8a73d759c6
WESTERN KENTUCKY HILLTOPPERS,Conference USA,Rick Stansbury,12/23/1959,12,23,1959,2016–17,1223,Capricorn,Pig,60,Western Kentucky,Hilltoppers,881380da-861c-4ab6-a7d2-20699d8ea883
WESTERN MICHIGAN BRONCOS,Mid-American Conference,Steve Hawkins,8/3/1962,8,3,1962,2003–04,803,Leo,Tiger,57,Western Michigan,Broncos,f2164f01-2cbc-4967-bb1c-93656d790921
WICHITA STATE SHOCKERS,American Athletic Conference,Gregg Marshall,2/27/1963,2,27,1963,2007–08,227,Pisces,Rabbit,56,Wichita State,Shockers,f38b58de-3273-4723-a78b-2f918e9aa2d5
WILLIAM & MARY TRIBE,Colonial Athletic Association,Tony Shaver,1/28/1954,1,28,1954,2003–04,128,Aquarius,Horse,65,William & Mary,Tribe,ad24b724-a11c-4dcd-a68c-67c53833ccb7
WINTHROP EAGLES,Big South Conference,Pat Kelsey,5/15/1975,5,15,1975,2012–13,515,Taurus,Rabbit,44,Winthrop,Eagles,ca441726-0c57-4456-b1e7-fff098484fb5
WISCONSIN BADGERS,Big Ten Conference,Greg Gard,12/3/1970,12,3,1970,2015–16,1203,Sagittarius,Dog,49,Wisconsin,Badgers,c7569eae-5b93-4197-b204-6f3a62146b25
WOFFORD TERRIERS,Southern Conference,Mike Young,5/1/1963,5,1,1963,2002–03,501,Taurus,Rabbit,56,Wofford,Terriers,9916713f-b243-452b-93ae-a2c3ccabf68b
WRIGHT STATE RAIDERS,Horizon League,Scott Nagy,6/7/1966,6,7,1966,2016–17,607,Gemini,Horse,53,Wright State,Raiders,9c396fa7-c165-4599-8542-158bd0d9a199
WYOMING COWBOYS,Mountain West Conference,Allen Edwards,12/16/1975,12,16,1975,2016–17,1216,Sagittarius,Rabbit,44,Wyoming,Cowboys,a7127c0a-a466-47ae-91ad-9a71ee2c9427
XAVIER MUSKETEERS,Big East Conference,Travis Steele,11/12/1981,11,12,1981,2018–19,1112,Scorpio,Rooster,38,Xavier,Musketeers,0d8a328f-20ce-410b-bed1-15fc01308aaf
YALE BULLDOGS,Ivy League,James Jones,2/20/1964,2,20,1964,1999–2000,220,Pisces,Dragon,55,Yale,Bulldogs,ca478771-aa3d-4231-81e0-b70f519134fb
YOUNGSTOWN STATE PENGUINS,Horizon League,Jerrod Calhoun,10/17/1981,10,17,1981,2017–18,1017,Libra,Rooster,38,Youngstown State,Penguins,da7d41bc-48b0-4a04-948f-792d6470bcb5
,,,,,,,,,,,,,,
,,,,,,,,,,,,,,da7d41bc-48b0-4a04-948f-792d6470bcb5
