team_market,team_name,team_id,conference_name,conference_id
Utah,Utes,0d037a5d-827a-44dd-8b70-57603d671d5d,Pacific 12,04d5255d-b2dc-43df-9fa8-d296b0f8ccd7
Oregon,Ducks,1da70895-f77f-44ef-b216-d63c02e696eb,Pacific 12,04d5255d-b2dc-43df-9fa8-d296b0f8ccd7
Washington State,Cougars,2d4f0015-adb4-4877-8c15-4a6eed7eed03,Pacific 12,04d5255d-b2dc-43df-9fa8-d296b0f8ccd7
USC,Trojans,3a000455-de7c-4ca8-880e-abdce7f21da9,Pacific 12,04d5255d-b2dc-43df-9fa8-d296b0f8ccd7
Oregon State,Beavers,532d3874-b4b3-4c5c-acc6-749a6db26c8f,Pacific 12,04d5255d-b2dc-43df-9fa8-d296b0f8ccd7
Stanford,Cardinal,683ab61f-546f-44da-b085-c3a5740554aa,Pacific 12,04d5255d-b2dc-43df-9fa8-d296b0f8ccd7
Arizona,Wildcats,9b166a3f-e64b-4825-bb6b-92c6f0418263,Pacific 12,04d5255d-b2dc-43df-9fa8-d296b0f8ccd7
Colorado,Buffaloes,9fccbf28-2858-4263-821c-fdefb3c7efa3,Pacific 12,04d5255d-b2dc-43df-9fa8-d296b0f8ccd7
California,Golden Bears,aacdc78d-b7fa-48f6-9686-2fdb8a95030e,Pacific 12,04d5255d-b2dc-43df-9fa8-d296b0f8ccd7
Arizona State,Sun Devils,ad4bc983-8d2e-4e6f-a8f9-80840a786c64,Pacific 12,04d5255d-b2dc-43df-9fa8-d296b0f8ccd7
Washington,Huskies,e52c9644-717a-46f4-bf16-aeca000b3b44,Pacific 12,04d5255d-b2dc-43df-9fa8-d296b0f8ccd7
UCLA,Bruins,ec0d6b67-4b16-4b50-92b2-1a651dae6b0f,Pacific 12,04d5255d-b2dc-43df-9fa8-d296b0f8ccd7
Jacksonville State,Gamecocks,13358462-e05b-4449-8688-90c4622cdde8,Ohio Valley,0f3991a1-8c5f-4a8e-8fab-d0ebbb21c35c
Eastern Illinois,Panthers,23fec4e7-108f-4569-85d1-bef2f794e925,Ohio Valley,0f3991a1-8c5f-4a8e-8fab-d0ebbb21c35c
Southeast Missouri State,Redhawks,6a7083ab-1832-48c0-9168-427b35adbcde,Ohio Valley,0f3991a1-8c5f-4a8e-8fab-d0ebbb21c35c
Murray State,Racers,77a69fb0-1355-4342-ac09-b4cc7949d95e,Ohio Valley,0f3991a1-8c5f-4a8e-8fab-d0ebbb21c35c
Tennessee State,Tigers,87721c44-53a2-47aa-9b3a-0f1c99b0f328,Ohio Valley,0f3991a1-8c5f-4a8e-8fab-d0ebbb21c35c
Tennessee-Martin,Skyhawks,9febd5fa-982f-4f40-ad1d-8e49be96cf4f,Ohio Valley,0f3991a1-8c5f-4a8e-8fab-d0ebbb21c35c
Belmont,Bruins,a0a22502-0d84-440c-84af-1fbb070ad54c,Ohio Valley,0f3991a1-8c5f-4a8e-8fab-d0ebbb21c35c
Austin Peay,Governors,a0fdb660-a822-4337-b01d-31c4d2c99c8a,Ohio Valley,0f3991a1-8c5f-4a8e-8fab-d0ebbb21c35c
Morehead State,Eagles,b7747a03-c85b-4de6-94bf-1b5b68553248,Ohio Valley,0f3991a1-8c5f-4a8e-8fab-d0ebbb21c35c
SIU-Edwardsville,Cougars,c206712f-2298-4279-b76c-834ac42809b9,Ohio Valley,0f3991a1-8c5f-4a8e-8fab-d0ebbb21c35c
Eastern Kentucky,Colonels,e48e3dd5-721c-4d96-8ff4-790fe2597bfd,Ohio Valley,0f3991a1-8c5f-4a8e-8fab-d0ebbb21c35c
Tennessee Tech,Golden Eagles,fe037cba-25d9-42f5-a461-61d7102c17de,Ohio Valley,0f3991a1-8c5f-4a8e-8fab-d0ebbb21c35c
Indiana State,Sycamores,2a997096-a381-469d-a7e9-9e031c8b071c,Missouri Valley,1d9219c1-696c-42a2-b1be-e8b438795521
Northern Iowa,Panthers,2c93a75d-5449-4ec1-9ca2-1e6c812399a4,Missouri Valley,1d9219c1-696c-42a2-b1be-e8b438795521
Illinois State,Redbirds,509aacc4-c121-46a2-800a-d5431ef181d2,Missouri Valley,1d9219c1-696c-42a2-b1be-e8b438795521
Loyola (IL),Ramblers,61a3908a-7492-4b6f-809e-12c61976bb0a,Missouri Valley,1d9219c1-696c-42a2-b1be-e8b438795521
Southern Illinois,Salukis,7cdfcf92-7fe7-46f1-9b66-6912114182e6,Missouri Valley,1d9219c1-696c-42a2-b1be-e8b438795521
Drake,Bulldogs,aed211c3-23a4-4188-ad70-22c6eba7d765,Missouri Valley,1d9219c1-696c-42a2-b1be-e8b438795521
Bradley,Braves,b47d10b8-a2a5-47df-a2f9-7bd0b9d51beb,Missouri Valley,1d9219c1-696c-42a2-b1be-e8b438795521
Missouri State,Bears,b83de2df-328f-4303-9895-cdff048fb1ed,Missouri Valley,1d9219c1-696c-42a2-b1be-e8b438795521
Evansville,Purple Aces,d8217105-e9c2-4267-9538-3aaeea1ae167,Missouri Valley,1d9219c1-696c-42a2-b1be-e8b438795521
Valparaiso,Crusaders,df3da9d7-2d2b-44e2-99e2-08c4945a203b,Missouri Valley,1d9219c1-696c-42a2-b1be-e8b438795521
Iowa State,Cyclones,0e4258fa-3154-4c16-b693-adecab184c6c,Big 12,2853cf4d-6d62-4ec6-8e2c-d69f7a01a557
Texas,Longhorns,6ed15092-2670-450a-99c2-61d861e87644,Big 12,2853cf4d-6d62-4ec6-8e2c-d69f7a01a557
Oklahoma State,Cowboys,8ab00d43-840a-4c96-bdee-bf88fa6e3f11,Big 12,2853cf4d-6d62-4ec6-8e2c-d69f7a01a557
Oklahoma,Sooners,b2fda957-e15c-4fb2-8a13-6e58496f561e,Big 12,2853cf4d-6d62-4ec6-8e2c-d69f7a01a557
Kansas State,Wildcats,d203f38a-a166-4258-bca2-e161b591ecfb,Big 12,2853cf4d-6d62-4ec6-8e2c-d69f7a01a557
Baylor,Bears,db6e1cab-3fa3-4a93-a673-8b2a358ff4bf,Big 12,2853cf4d-6d62-4ec6-8e2c-d69f7a01a557
West Virginia,Mountaineers,f770d3a2-221c-49ce-9c7a-680f7417fe9e,Big 12,2853cf4d-6d62-4ec6-8e2c-d69f7a01a557
TCU,Horned Frogs,f7fcbb6e-4a55-41ea-ba21-f763ed914467,Big 12,2853cf4d-6d62-4ec6-8e2c-d69f7a01a557
Texas Tech,Red Raiders,f8c705b7-87d3-411a-9c8b-5124daab0469,Big 12,2853cf4d-6d62-4ec6-8e2c-d69f7a01a557
Kansas,Jayhawks,fae4855b-1b64-4b40-a632-9ed345e1e952,Big 12,2853cf4d-6d62-4ec6-8e2c-d69f7a01a557
Arkansas-Little Rock,Trojans,0dadedb0-2bd3-45e7-91a3-93af6c4e87f2,Sun Belt,302c99fe-6b0a-40ec-8ee7-f15a0355b7b5
South Alabama,Jaguars,10c614fa-9646-46cf-a1fb-5af96772bbb8,Sun Belt,302c99fe-6b0a-40ec-8ee7-f15a0355b7b5
Louisiana-Monroe,Warhawks,18585f21-1d63-4400-974c-433fd5073c34,Sun Belt,302c99fe-6b0a-40ec-8ee7-f15a0355b7b5
Texas State,Bobcats,1e5dc9e4-c60d-487b-8279-dfbec9229faa,Sun Belt,302c99fe-6b0a-40ec-8ee7-f15a0355b7b5
Coastal Carolina,Chanticleers,4af63ebd-d3c8-4772-bbde-938a078bd057,Sun Belt,302c99fe-6b0a-40ec-8ee7-f15a0355b7b5
Troy,Trojans,6373b18c-62f6-49bc-bd4c-8959a2466516,Sun Belt,302c99fe-6b0a-40ec-8ee7-f15a0355b7b5
Louisiana-Lafayette,Ragin' Cajuns,63cad858-8654-4956-8438-8fe79cd1208a,Sun Belt,302c99fe-6b0a-40ec-8ee7-f15a0355b7b5
Georgia Southern,Eagles,6b955b96-b736-475e-bffd-e4acf2054169,Sun Belt,302c99fe-6b0a-40ec-8ee7-f15a0355b7b5
Texas-Arlington,Mavericks,7c2b372b-b5f0-466e-90cf-880beec57584,Sun Belt,302c99fe-6b0a-40ec-8ee7-f15a0355b7b5
Appalachian State,Mountaineers,87d88c93-29bc-4306-b0a6-87c6f6e80da1,Sun Belt,302c99fe-6b0a-40ec-8ee7-f15a0355b7b5
Georgia State,Panthers,94ea835b-8ce9-4de2-a5b1-971548fea974,Sun Belt,302c99fe-6b0a-40ec-8ee7-f15a0355b7b5
Arkansas State,Red Wolves,95826e36-ea33-4b51-83a8-7b4cc20999ee,Sun Belt,302c99fe-6b0a-40ec-8ee7-f15a0355b7b5
Northern Arizona,Lumberjacks,1753768d-e46e-40b1-8d69-a8ae5cccec03,Big Sky,3126fb79-47a7-4a57-b065-8b9d1bdb660d
Sacramento State,Hornets,1dc13b18-f9b3-4bb9-b1cf-979fcd8c2b6f,Big Sky,3126fb79-47a7-4a57-b065-8b9d1bdb660d
Weber State,Wildcats,4743cb7c-784a-4b95-a380-5471f92f2217,Big Sky,3126fb79-47a7-4a57-b065-8b9d1bdb660d
Eastern Washington,Eagles,54df21af-8f65-42fc-bc01-8bf750856d70,Big Sky,3126fb79-47a7-4a57-b065-8b9d1bdb660d
Idaho State,Bengals,6a67ba19-56a8-4dd8-a5ae-9e9f2523c274,Big Sky,3126fb79-47a7-4a57-b065-8b9d1bdb660d
Portland State,Vikings,79965018-7f6f-4273-9eef-65c99b592b01,Big Sky,3126fb79-47a7-4a57-b065-8b9d1bdb660d
Northern Colorado,Bears,7e42fa84-68cd-47a6-b49a-18b5414d8084,Big Sky,3126fb79-47a7-4a57-b065-8b9d1bdb660d
Montana State,Bobcats,bec40585-b587-4548-93f5-b7c00b046aea,Big Sky,3126fb79-47a7-4a57-b065-8b9d1bdb660d
Southern Utah,Thunderbirds,c7116621-45ed-4ab1-9ad9-dee524120569,Big Sky,3126fb79-47a7-4a57-b065-8b9d1bdb660d
Montana,Grizzlies,e3848467-66c0-41e5-8283-02e3586d8601,Big Sky,3126fb79-47a7-4a57-b065-8b9d1bdb660d
Idaho,Vandals,ec6185b7-4e0c-4eb8-99ef-f3a4dccf6b91,Big Sky,3126fb79-47a7-4a57-b065-8b9d1bdb660d
UCF,Knights,054c3e85-0552-4549-b123-7e84af6e7b6c,American Athletic,3b6a48d8-1f9c-484f-8ed0-ef0a540a0efe
Memphis,Tigers,1551b3a0-6d10-4ffa-8dfa-73b56f004553,American Athletic,3b6a48d8-1f9c-484f-8ed0-ef0a540a0efe
Houston,Cougars,1f99a164-d593-4d81-85d5-0d7889d6f486,American Athletic,3b6a48d8-1f9c-484f-8ed0-ef0a540a0efe
Tulsa,Golden Hurricane,2959bd24-7007-41ae-a3a3-abdf26888cfc,American Athletic,3b6a48d8-1f9c-484f-8ed0-ef0a540a0efe
Tulane,Green Wave,399ad7fb-de60-45a6-a71f-d26e00f1a4ec,American Athletic,3b6a48d8-1f9c-484f-8ed0-ef0a540a0efe
SMU,Mustangs,3f4515ea-4472-46b9-ac9e-16d7d8f22a38,American Athletic,3b6a48d8-1f9c-484f-8ed0-ef0a540a0efe
South Florida,Bulls,55af9c69-3675-4b9b-a882-96640b782fff,American Athletic,3b6a48d8-1f9c-484f-8ed0-ef0a540a0efe
Temple,Owls,8598d1b6-106b-4083-a512-2e495729525a,American Athletic,3b6a48d8-1f9c-484f-8ed0-ef0a540a0efe
Cincinnati,Bearcats,a17dfc54-415f-49c3-a2e6-d6fa9db18b0a,American Athletic,3b6a48d8-1f9c-484f-8ed0-ef0a540a0efe
East Carolina,Pirates,a601205f-3bfe-4052-ac0b-b8f18cf3efd3,American Athletic,3b6a48d8-1f9c-484f-8ed0-ef0a540a0efe
Connecticut,Huskies,efba5350-79bc-47aa-a189-db177b95b491,American Athletic,3b6a48d8-1f9c-484f-8ed0-ef0a540a0efe
Wichita State,Shockers,f38b58de-3273-4723-a78b-2f918e9aa2d5,American Athletic,3b6a48d8-1f9c-484f-8ed0-ef0a540a0efe
Virginia Military,Keydets,227d3567-d57b-417e-afc4-735e4cb308a1,Southern,468829d1-8886-4c14-91d1-e6441673b2f6
Citadel,Bulldogs,412e7f0d-fb93-4e6e-be1f-9a4c7490d121,Southern,468829d1-8886-4c14-91d1-e6441673b2f6
Chattanooga,Mocs,4c9fb59b-6cec-4b0d-bb0f-628b391d138c,Southern,468829d1-8886-4c14-91d1-e6441673b2f6
UNC Greensboro,Spartans,612f7f66-1de1-4d42-b842-9a508daab911,Southern,468829d1-8886-4c14-91d1-e6441673b2f6
Western Carolina,Catamounts,6bff595c-32cb-4028-837c-c7de2a2107e6,Southern,468829d1-8886-4c14-91d1-e6441673b2f6
Wofford,Terriers,9916713f-b243-452b-93ae-a2c3ccabf68b,Southern,468829d1-8886-4c14-91d1-e6441673b2f6
Mercer,Bears,a14b0057-8eb5-43d2-a33b-666196da933e,Southern,468829d1-8886-4c14-91d1-e6441673b2f6
Samford,Bulldogs,c13f96ba-c79c-452f-9f63-3b45fae4e543,Southern,468829d1-8886-4c14-91d1-e6441673b2f6
Furman,Paladins,ca5318f2-48eb-4f6b-896a-966b900aa42f,Southern,468829d1-8886-4c14-91d1-e6441673b2f6
East Tennessee State,Buccaneers,d750d88f-f7b8-4bc3-a5f6-36e7a67ec93e,Southern,468829d1-8886-4c14-91d1-e6441673b2f6
Oral Roberts,Golden Eagles,095417ae-62b0-4109-afc4-d92918599dd4,Summit League,49665f99-1a5f-434f-b841-ddde229f0eb9
Purdue Fort Wayne,Mastodons,22984593-0701-4648-b8a8-f6d695238620,Summit League,49665f99-1a5f-434f-b841-ddde229f0eb9
Nebraska-Omaha,Mavericks,68d2aa5b-714f-4652-96f3-b71e1752413f,Summit League,49665f99-1a5f-434f-b841-ddde229f0eb9
South Dakota State,Jackrabbits,6ef40534-5fad-4755-84de-7dcbd645d1f0,Summit League,49665f99-1a5f-434f-b841-ddde229f0eb9
Denver,Pioneers,6f676cba-c1f9-45a4-9016-fb408fd525b1,Summit League,49665f99-1a5f-434f-b841-ddde229f0eb9
North Dakota State,Bison,984e7518-e418-45d5-9797-979b8c2085c1,Summit League,49665f99-1a5f-434f-b841-ddde229f0eb9
South Dakota,Coyotes,c946b7ac-5159-4817-93c4-fc9495c6425b,Summit League,49665f99-1a5f-434f-b841-ddde229f0eb9
Western Illinois,Leathernecks,cc9e5424-ab3b-41ec-b2aa-7e8a73d759c6,Summit League,49665f99-1a5f-434f-b841-ddde229f0eb9
North Dakota,Fighting Hawks,de8fc8a7-253f-4597-8a48-a0104ef226ae,Summit League,49665f99-1a5f-434f-b841-ddde229f0eb9
Long Beach State,49ers,11a617d5-af03-4cce-bc8a-51114d9e41fe,Big West,5f56da49-5d81-43c3-8652-8b8da40c907f
UC Irvine,Anteaters,39d00ef7-320d-47cf-a2fa-859bc24d16b4,Big West,5f56da49-5d81-43c3-8652-8b8da40c907f
UC Santa Barbara,Gauchos,3b6293f3-03db-46d2-8793-248963c2d83b,Big West,5f56da49-5d81-43c3-8652-8b8da40c907f
Cal Poly,Mustangs,45439cdb-af7a-4743-936c-dccc76b30877,Big West,5f56da49-5d81-43c3-8652-8b8da40c907f
UC Riverside,Highlanders,6b170a32-8445-4cb1-8638-724996c3094b,Big West,5f56da49-5d81-43c3-8652-8b8da40c907f
UC Davis,Aggies,8aaad1c0-d16e-4b9f-8541-dac670addd71,Big West,5f56da49-5d81-43c3-8652-8b8da40c907f
Cal State Fullerton,Titans,c009914b-3303-4dee-b915-978aa48a31d0,Big West,5f56da49-5d81-43c3-8652-8b8da40c907f
Cal State Northridge,Matadors,cb732075-23a5-4e71-9037-50a7a002bdb2,Big West,5f56da49-5d81-43c3-8652-8b8da40c907f
Hawaii,Warriors,d4dc55b3-94fe-4d4f-b0bf-c50c5f064392,Big West,5f56da49-5d81-43c3-8652-8b8da40c907f
UTEP,Miners,06d15d35-4955-4fdd-83d9-32d24dbd795b,Conference USA,6902bb03-02f7-4da4-8261-de5fd2cbd011
North Texas,Mean Green,10f450ce-143b-4e46-8bfe-52c644b68b07,Conference USA,6902bb03-02f7-4da4-8261-de5fd2cbd011
Middle Tennessee,Blue Raiders,3d2f0819-8f3b-4ff3-afd6-6227c469a751,Conference USA,6902bb03-02f7-4da4-8261-de5fd2cbd011
Marshall,Thundering Herd,58d8baa3-7624-4b21-a47f-a23df2bf8859,Conference USA,6902bb03-02f7-4da4-8261-de5fd2cbd011
Southern Miss,Golden Eagles,6120ac5d-e0f2-4b28-9e6f-ee71596a7e88,Conference USA,6902bb03-02f7-4da4-8261-de5fd2cbd011
UAB,Blazers,63a8fdcf-b51b-4de3-8a57-2a6e41d362ce,Conference USA,6902bb03-02f7-4da4-8261-de5fd2cbd011
Western Kentucky,Hilltoppers,881380da-861c-4ab6-a7d2-20699d8ea883,Conference USA,6902bb03-02f7-4da4-8261-de5fd2cbd011
Charlotte,49ers,8ddbfca9-a931-4908-aa31-9fcd17624b5f,Conference USA,6902bb03-02f7-4da4-8261-de5fd2cbd011
Louisiana Tech,Bulldogs,8ff733a9-9f93-46de-ba7e-cf6f7e429670,Conference USA,6902bb03-02f7-4da4-8261-de5fd2cbd011
UTSA,Roadrunners,953151f2-1e42-4cb0-a99e-202493a64dcf,Conference USA,6902bb03-02f7-4da4-8261-de5fd2cbd011
Florida International,Golden Panthers,a8ac24ca-3b7a-4610-ad99-042661584c48,Conference USA,6902bb03-02f7-4da4-8261-de5fd2cbd011
Rice,Owls,bb384635-c3a0-459a-8f13-fcd7177313e5,Conference USA,6902bb03-02f7-4da4-8261-de5fd2cbd011
Florida Atlantic,Owls,c851131a-5ecd-4670-81bc-b40f4837dd65,Conference USA,6902bb03-02f7-4da4-8261-de5fd2cbd011
Old Dominion,Monarchs,ce967953-5c50-4220-87b2-99acb9606e84,Conference USA,6902bb03-02f7-4da4-8261-de5fd2cbd011
Cal State Bakersfield,Roadrunners,2da57857-b038-4ad3-8199-e3fb339f57d2,Western Athletic,7265822b-247a-4991-ae8c-0e6f33f6122b
Chicago State,Cougars,2f8c85a7-54f4-4942-be16-2cbac77c82d7,Western Athletic,7265822b-247a-4991-ae8c-0e6f33f6122b
Utah Valley,Wolverines,4200f37c-86e0-413e-a5c4-e5edf1e272e7,Western Athletic,7265822b-247a-4991-ae8c-0e6f33f6122b
New Mexico State,Aggies,5016fe1a-9571-4d10-bf5b-b9c1b496bd57,Western Athletic,7265822b-247a-4991-ae8c-0e6f33f6122b
Seattle,Redhawks,7e100f63-0b32-49f6-a954-f5b7c8cf48ad,Western Athletic,7265822b-247a-4991-ae8c-0e6f33f6122b
UMKC,Kangaroos,820c8f26-cf11-4997-b2e2-19f47bd2f72f,Western Athletic,7265822b-247a-4991-ae8c-0e6f33f6122b
Texas Rio Grande Valley,Vaqueros,92456e1e-f48c-4385-96ab-14cb27d18726,Western Athletic,7265822b-247a-4991-ae8c-0e6f33f6122b
California Baptist,Lancers,a43197e1-de68-41cf-bd75-88c695738601,Western Athletic,7265822b-247a-4991-ae8c-0e6f33f6122b
Grand Canyon,Antelopes,f7e6acc3-0778-4de5-940a-d88e20df1159,Western Athletic,7265822b-247a-4991-ae8c-0e6f33f6122b
Southeastern Louisiana,Lions,55cd5bb4-b030-4a7a-9652-6cebaf81c574,Southland,763ae15d-32b0-476d-aa12-0c7f4a3cd423
Stephen F. Austin,Lumberjacks,5ef64f01-86ae-4553-9834-c79cc0859eaf,Southland,763ae15d-32b0-476d-aa12-0c7f4a3cd423
Sam Houston State,Bearkats,67322042-9c40-4dc2-b33a-4754c02ec82a,Southland,763ae15d-32b0-476d-aa12-0c7f4a3cd423
Northwestern State,Demons,71874e7e-8260-43f9-bb7c-65f267dbe8ce,Southland,763ae15d-32b0-476d-aa12-0c7f4a3cd423
Incarnate Word,Cardinals,912671c7-19fd-451b-813e-885485427820,Southland,763ae15d-32b0-476d-aa12-0c7f4a3cd423
Houston Baptist,Huskies,95a27dc5-16d5-4745-9adb-34c41e1444e8,Southland,763ae15d-32b0-476d-aa12-0c7f4a3cd423
Abilene Christian,Wildcats,a52b2ece-1f87-45b5-ae1e-8d0920479965,Southland,763ae15d-32b0-476d-aa12-0c7f4a3cd423
Nicholls State,Colonels,c0d19efd-d40c-4e32-8e90-dbcb28178b5d,Southland,763ae15d-32b0-476d-aa12-0c7f4a3cd423
McNeese State,Cowboys,d2ef641c-70e4-48bb-b40d-ac654d179205,Southland,763ae15d-32b0-476d-aa12-0c7f4a3cd423
Central Arkansas,Bears,dfc2dfb7-aa67-4c48-99c9-4fa6c6bc4355,Southland,763ae15d-32b0-476d-aa12-0c7f4a3cd423
New Orleans,Privateers,e7ff6d5c-07e9-42af-955d-0a0b8c1e2288,Southland,763ae15d-32b0-476d-aa12-0c7f4a3cd423
Lamar,Cardinals,eda6c307-1e0f-4a28-82f4-ee9653b343fb,Southland,763ae15d-32b0-476d-aa12-0c7f4a3cd423
Texas A&M-CC,Islanders,fe21a988-3e96-4f3c-8f9f-b449ccda43b0,Southland,763ae15d-32b0-476d-aa12-0c7f4a3cd423
Arkansas-Pine Bluff,Golden Lions,1394dd8a-040e-4509-9ee3-761d60eaf6c9,Southwestern Athletic,7be69d78-bd13-4bfa-ae33-a6e48131a28f
Alcorn State,Braves,1bddc811-44cf-4e53-b4ab-11c8dc82c9de,Southwestern Athletic,7be69d78-bd13-4bfa-ae33-a6e48131a28f
Alabama State,Hornets,267d417a-8f85-4c87-a15a-068c089a74c6,Southwestern Athletic,7be69d78-bd13-4bfa-ae33-a6e48131a28f
Mississippi Valley State,Delta Devils,5873529e-e5e3-4a06-8a03-fa4cbe509880,Southwestern Athletic,7be69d78-bd13-4bfa-ae33-a6e48131a28f
Grambling State,Tigers,6776c7e6-f4c2-47bd-99e5-39fc179a3197,Southwestern Athletic,7be69d78-bd13-4bfa-ae33-a6e48131a28f
Prairie View A&M,Panthers,91ec9ba2-12e5-4a75-9410-a166c82163fd,Southwestern Athletic,7be69d78-bd13-4bfa-ae33-a6e48131a28f
Alabama A&M,Bulldogs,949c3398-85e4-4c63-ba71-9a82e06ddea4,Southwestern Athletic,7be69d78-bd13-4bfa-ae33-a6e48131a28f
Southern University,Jaguars,a3b13d27-ec14-4a7d-88a2-0bc9f7b58984,Southwestern Athletic,7be69d78-bd13-4bfa-ae33-a6e48131a28f
Jackson State,Tigers,c444e03b-d16b-48b2-9b18-823c2647d41d,Southwestern Athletic,7be69d78-bd13-4bfa-ae33-a6e48131a28f
Texas Southern,Tigers,eb157f98-0697-459c-9293-ddb162ceb28b,Southwestern Athletic,7be69d78-bd13-4bfa-ae33-a6e48131a28f
Bethune-Cookman,Wildcats,0796c3b6-5308-4aa0-8fdc-c65d39b043c6,Mid Eastern Athletic,852139a9-389c-4eca-9760-ec13f014ca8d
Howard,Bison,22fbe5dc-c6db-4675-b3a3-2d8af7f5d313,Mid Eastern Athletic,852139a9-389c-4eca-9760-ec13f014ca8d
Savannah State,Tigers,3eacc387-0ad8-4c5e-a666-c8ab447d224f,Mid Eastern Athletic,852139a9-389c-4eca-9760-ec13f014ca8d
North Carolina A&T,Aggies,53aaac6a-796e-41a6-a04e-6ce74c5717f8,Mid Eastern Athletic,852139a9-389c-4eca-9760-ec13f014ca8d
Morgan State,Bears,576b816b-5b9a-4768-a62b-f8435a8272c2,Mid Eastern Athletic,852139a9-389c-4eca-9760-ec13f014ca8d
Coppin State,Eagles,5f9a90a2-3926-404e-8c8a-d9f22ad6907d,Mid Eastern Athletic,852139a9-389c-4eca-9760-ec13f014ca8d
South Carolina State,Bulldogs,a44f8c85-7ab6-4a4e-b6f1-c69a4cabe1ed,Mid Eastern Athletic,852139a9-389c-4eca-9760-ec13f014ca8d
Norfolk State,Spartans,a8f75c12-c4db-401f-99e3-b48209d85274,Mid Eastern Athletic,852139a9-389c-4eca-9760-ec13f014ca8d
Florida A&M,Rattlers,cec2527e-5e1e-4817-a628-35666ef13b6e,Mid Eastern Athletic,852139a9-389c-4eca-9760-ec13f014ca8d
Maryland-Eastern Shore,Hawks,d20216d8-161c-46e3-b8d2-92208ddf5acf,Mid Eastern Athletic,852139a9-389c-4eca-9760-ec13f014ca8d
North Carolina Central,Eagles,e4c315a0-e83f-4d14-856e-34a0463059e3,Mid Eastern Athletic,852139a9-389c-4eca-9760-ec13f014ca8d
Delaware State,Hornets,ffa04cde-aa2d-4e91-b2cd-bde2bfed44de,Mid Eastern Athletic,852139a9-389c-4eca-9760-ec13f014ca8d
Georgia Tech,Yellow Jackets,0f63a6f5-bda7-4fd9-9271-8d33f555ca19,Atlantic Coast,88368ebb-01fb-44d5-a6c6-3e7d46bb3ab7
Pittsburgh,Panthers,24051034-96bb-4f78-a3a6-312f3258780f,Atlantic Coast,88368ebb-01fb-44d5-a6c6-3e7d46bb3ab7
Virginia Tech,Hokies,324ccccc-575b-4b82-acb0-fbb8e68da13b,Atlantic Coast,88368ebb-01fb-44d5-a6c6-3e7d46bb3ab7
Boston College,Eagles,4b3ff02c-e0ba-435b-a565-6075bc491684,Atlantic Coast,88368ebb-01fb-44d5-a6c6-3e7d46bb3ab7
Wake Forest,Demon Deacons,4fbebf0a-e117-4a0c-8f15-c247535a2a1b,Atlantic Coast,88368ebb-01fb-44d5-a6c6-3e7d46bb3ab7
North Carolina State,Wolfpack,52df1e19-b142-4a76-a439-ad68455d0581,Atlantic Coast,88368ebb-01fb-44d5-a6c6-3e7d46bb3ab7
Virginia,Cavaliers,56913910-87f7-4ad7-ae3b-5cd9fb218fd9,Atlantic Coast,88368ebb-01fb-44d5-a6c6-3e7d46bb3ab7
Miami (FL),Hurricanes,7aec5187-cb1b-45e5-8f7d-406d766cdc73,Atlantic Coast,88368ebb-01fb-44d5-a6c6-3e7d46bb3ab7
Notre Dame,Fighting Irish,80962f09-8821-48b6-8cf0-0cf0eea56aa8,Atlantic Coast,88368ebb-01fb-44d5-a6c6-3e7d46bb3ab7
Syracuse,Orange,8cd24de1-2be8-4b77-bcfa-47be0495a5f4,Atlantic Coast,88368ebb-01fb-44d5-a6c6-3e7d46bb3ab7
Louisville,Cardinals,b795ddbc-baab-4499-8803-52e8608520ab,Atlantic Coast,88368ebb-01fb-44d5-a6c6-3e7d46bb3ab7
Florida State,Seminoles,d3c8a767-b6fc-45d4-a5f2-18406f2993f1,Atlantic Coast,88368ebb-01fb-44d5-a6c6-3e7d46bb3ab7
Clemson,Tigers,dcf5c2e7-c227-4c20-af26-715d5f859412,Atlantic Coast,88368ebb-01fb-44d5-a6c6-3e7d46bb3ab7
North Carolina,Tar Heels,e9ca48b2-00ba-41c0-a02b-6885a2da1ff1,Atlantic Coast,88368ebb-01fb-44d5-a6c6-3e7d46bb3ab7
Duke,Blue Devils,faeb1160-5d15-4f26-99fc-c441cf21fc7f,Atlantic Coast,88368ebb-01fb-44d5-a6c6-3e7d46bb3ab7
North Florida,Ospreys,09920a5f-1b25-466c-b5ae-6167214f5ba9,Atlantic Sun,888a4792-c632-447f-a8fd-fb0b6f04ce8e
Kennesaw State,Owls,2e8442e9-bd09-4d46-9dd3-de79433287f3,Atlantic Sun,888a4792-c632-447f-a8fd-fb0b6f04ce8e
Stetson,Hatters,394d1b2b-7a19-4d43-b04a-5f366c24e5bf,Atlantic Sun,888a4792-c632-447f-a8fd-fb0b6f04ce8e
N.J.I.T.,Highlanders,500d7223-ecff-494b-9539-28427156c783,Atlantic Sun,888a4792-c632-447f-a8fd-fb0b6f04ce8e
Florida Gulf Coast,Eagles,5326c079-3dc3-468f-a601-b776dd9c1e62,Atlantic Sun,888a4792-c632-447f-a8fd-fb0b6f04ce8e
Liberty,Flames,559db90c-741f-40d1-aa81-3fdd1d4889f3,Atlantic Sun,888a4792-c632-447f-a8fd-fb0b6f04ce8e
North Alabama,Lions,61db8108-45f1-43e5-ade8-83278324bc7d,Atlantic Sun,888a4792-c632-447f-a8fd-fb0b6f04ce8e
Lipscomb,Bisons,a2b8223d-40b3-4076-b5df-55655c2f8591,Atlantic Sun,888a4792-c632-447f-a8fd-fb0b6f04ce8e
Jacksonville,Dolphins,fb28bd56-9e56-40c1-992d-71c1e27fe4fd,Atlantic Sun,888a4792-c632-447f-a8fd-fb0b6f04ce8e
Loyola (MD),Greyhounds,175d34a7-3823-4e4f-9f11-2464f55360b8,Patriot League,88acc3d7-e5a1-4751-864e-606223943a62
American University,Eagles,2f513e67-f019-4eec-9096-fbc5911858b6,Patriot League,88acc3d7-e5a1-4751-864e-606223943a62
Holy Cross,Crusaders,31aedd91-a77e-46c1-8bdc-80e9860c159d,Patriot League,88acc3d7-e5a1-4751-864e-606223943a62
Navy,Midshipmen,3b088563-ca8a-49a6-9e19-5e4cb186ae1d,Patriot League,88acc3d7-e5a1-4751-864e-606223943a62
Lehigh,Mountain Hawks,508f503f-dc57-4f4c-a01e-4f195e5c05c8,Patriot League,88acc3d7-e5a1-4751-864e-606223943a62
Lafayette,Leopards,6af02334-9ac3-452f-bcf4-20abdb72bd07,Patriot League,88acc3d7-e5a1-4751-864e-606223943a62
Army,Black Knights,6dfaf0ba-47c4-4e05-b0a7-72734747d48f,Patriot League,88acc3d7-e5a1-4751-864e-606223943a62
Colgate,Raiders,80a19b57-d6ab-4bee-934f-33a72c2e958a,Patriot League,88acc3d7-e5a1-4751-864e-606223943a62
Bucknell,Bison,98d2123a-c7b9-4b5f-8a81-43f76d8537dc,Patriot League,88acc3d7-e5a1-4751-864e-606223943a62
Boston University,Terriers,de9a0e19-b83c-4b98-a6da-81c110cb364b,Patriot League,88acc3d7-e5a1-4751-864e-606223943a62
Hampton,Pirates,161354af-1f3e-4d58-88f7-e016ec74b7b6,Big South,906a1ec5-c786-4b14-9f7a-30e0c0f53255
USC Upstate,Spartans,2e78bd1b-9422-491e-9c73-37cf83b0e34e,Big South,906a1ec5-c786-4b14-9f7a-30e0c0f53255
Longwood,Lancers,600aad0e-85e7-4db8-be0b-94ba02a08e55,Big South,906a1ec5-c786-4b14-9f7a-30e0c0f53255
Campbell,Fighting Camels,6e5dfe2c-28cc-411f-b846-af8436093ab2,Big South,906a1ec5-c786-4b14-9f7a-30e0c0f53255
Gardner-Webb,Runnin' Bulldogs,79871449-f5a1-4650-b3cf-85b78fd6943e,Big South,906a1ec5-c786-4b14-9f7a-30e0c0f53255
High Point,Panthers,a311188e-1259-4fda-b0ea-c47cb52694b1,Big South,906a1ec5-c786-4b14-9f7a-30e0c0f53255
Charleston Southern,Buccaneers,a3fef707-e4fc-48a0-82f1-f4ef01b76f45,Big South,906a1ec5-c786-4b14-9f7a-30e0c0f53255
UNC Asheville,Bulldogs,ad9fce12-6b1a-400c-bcbe-29d84d065fc0,Big South,906a1ec5-c786-4b14-9f7a-30e0c0f53255
Presbyterian,Blue Hose,b06b63b0-20e6-4c78-bdcf-5feac3d7995e,Big South,906a1ec5-c786-4b14-9f7a-30e0c0f53255
Winthrop,Eagles,ca441726-0c57-4456-b1e7-fff098484fb5,Big South,906a1ec5-c786-4b14-9f7a-30e0c0f53255
Radford,Highlanders,f2cf9ba2-ac8c-4d92-8e7a-48dd88e8f40b,Big South,906a1ec5-c786-4b14-9f7a-30e0c0f53255
Detroit Mercy,Titans,1b78e7f6-f25c-4921-98e2-9bc565f8dfb4,Horizon,92db2b30-c5ac-41e9-ba18-59f3c2a0dd0b
Milwaukee,Panthers,5d77800f-1ae6-4b66-8e97-b0dbb8bbc717,Horizon,92db2b30-c5ac-41e9-ba18-59f3c2a0dd0b
Green Bay,Phoenix,61a3e5ab-1be3-4694-b83f-edae0953f409,Horizon,92db2b30-c5ac-41e9-ba18-59f3c2a0dd0b
IUPUI,Jaguars,90ec10eb-38a4-4a69-b072-ef71d294933b,Horizon,92db2b30-c5ac-41e9-ba18-59f3c2a0dd0b
Wright State,Raiders,9c396fa7-c165-4599-8542-158bd0d9a199,Horizon,92db2b30-c5ac-41e9-ba18-59f3c2a0dd0b
Northern Kentucky,Norse,ab9a1315-293f-42d3-a164-860216e81576,Horizon,92db2b30-c5ac-41e9-ba18-59f3c2a0dd0b
Oakland,Golden Grizzlies,aeaaef0d-5238-414e-ac04-c55a22cba208,Horizon,92db2b30-c5ac-41e9-ba18-59f3c2a0dd0b
Youngstown State,Penguins,da7d41bc-48b0-4a04-948f-792d6470bcb5,Horizon,92db2b30-c5ac-41e9-ba18-59f3c2a0dd0b
Illinois-Chicago,Flames,dfe0d93f-94a5-47fb-b7aa-f74786e09acb,Horizon,92db2b30-c5ac-41e9-ba18-59f3c2a0dd0b
Cleveland State,Vikings,e30c0417-b220-424e-886e-dd1249e2ca5a,Horizon,92db2b30-c5ac-41e9-ba18-59f3c2a0dd0b
Colorado State,Rams,1a470730-f328-4fb1-8bbf-36a069e4d6b2,Mountain West,93a776e4-d390-48e1-95bb-74945457366a
New Mexico,Lobos,1b1977ec-b32f-4ce3-95a4-d07bab4816cd,Mountain West,93a776e4-d390-48e1-95bb-74945457366a
San Jose State,Spartans,29de4e5e-ee5b-48c8-bffc-1972e7da1e30,Mountain West,93a776e4-d390-48e1-95bb-74945457366a
Nevada,Wolf Pack,62a73b4a-e281-4483-a1f8-f1160a18e456,Mountain West,93a776e4-d390-48e1-95bb-74945457366a
UNLV,Rebels,68a3227f-677f-43b0-9a3a-cad79d0df9e2,Mountain West,93a776e4-d390-48e1-95bb-74945457366a
Utah State,Aggies,7672ff16-8436-47e6-8546-0fb5494ec7ee,Mountain West,93a776e4-d390-48e1-95bb-74945457366a
Wyoming,Cowboys,a7127c0a-a466-47ae-91ad-9a71ee2c9427,Mountain West,93a776e4-d390-48e1-95bb-74945457366a
Air Force,Falcons,aa7af640-5762-4686-9181-39f7b8a8186e,Mountain West,93a776e4-d390-48e1-95bb-74945457366a
Boise State,Broncos,c1c54dbf-805c-47fc-a707-c803e94db2a4,Mountain West,93a776e4-d390-48e1-95bb-74945457366a
Fresno State,Bulldogs,dd8db4d8-d984-4cab-b7f6-22c6b8c2c45f,Mountain West,93a776e4-d390-48e1-95bb-74945457366a
San Diego State,Aztecs,e6914f16-ca37-4d2e-ba26-a425910283e2,Mountain West,93a776e4-d390-48e1-95bb-74945457366a
Auburn,Tigers,0c0608b3-f349-4f5e-9a10-7e6a744dd0d2,Southeastern,9ed9d01e-977c-4ba7-ac7d-64035039461c
South Carolina,Gamecocks,1c7ec608-3b36-4cee-adac-9265e3792597,Southeastern,9ed9d01e-977c-4ba7-ac7d-64035039461c
Kentucky,Wildcats,2267a1f4-68f6-418b-aaf6-2aa0c4b291f1,Southeastern,9ed9d01e-977c-4ba7-ac7d-64035039461c
Georgia,Bulldogs,4f4b0771-994c-4126-822d-7525aaa00f65,Southeastern,9ed9d01e-977c-4ba7-ac7d-64035039461c
LSU,Tigers,70e2bedd-3a0a-479c-ac99-e3f58aa6824b,Southeastern,9ed9d01e-977c-4ba7-ac7d-64035039461c
Vanderbilt,Commodores,72971b77-1d35-40b3-bb63-4c5b29f3d22b,Southeastern,9ed9d01e-977c-4ba7-ac7d-64035039461c
Missouri,Tigers,77ca152a-cb2f-48a5-97b2-492351250d94,Southeastern,9ed9d01e-977c-4ba7-ac7d-64035039461c
Florida,Gators,912f8837-1d81-4ef9-a576-a21f271d4c64,Southeastern,9ed9d01e-977c-4ba7-ac7d-64035039461c
Mississippi State,Bulldogs,a1ba4b89-d97c-44e2-835f-79ad3ccaa5ae,Southeastern,9ed9d01e-977c-4ba7-ac7d-64035039461c
Tennessee,Volunteers,b827dbdf-230f-4916-9703-3bb9004e26eb,Southeastern,9ed9d01e-977c-4ba7-ac7d-64035039461c
Alabama,Crimson Tide,c2104cdc-c83d-40d2-a3cd-df986e29f5d3,Southeastern,9ed9d01e-977c-4ba7-ac7d-64035039461c
Arkansas,Razorbacks,c70c23c4-ab09-4797-a1af-792c848ab17f,Southeastern,9ed9d01e-977c-4ba7-ac7d-64035039461c
Ole Miss,Rebels,d7d668ec-edaa-4d6b-be25-2ebba4128643,Southeastern,9ed9d01e-977c-4ba7-ac7d-64035039461c
Texas A&M,Aggies,ef184799-d79b-49d9-a662-991eaf4044cd,Southeastern,9ed9d01e-977c-4ba7-ac7d-64035039461c
Miami (OH),RedHawks,1165ca31-f181-4206-b727-c4e897e4b5cd,Mid-American,9f1cd1d6-fb03-493d-b278-b74ce25cc57b
Eastern Michigan,Eagles,2ed86226-3fff-4083-90fa-6b02307e6f73,Mid-American,9f1cd1d6-fb03-493d-b278-b74ce25cc57b
Ball State,Cardinals,315c4deb-3c9d-413d-a369-7168f2545d21,Mid-American,9f1cd1d6-fb03-493d-b278-b74ce25cc57b
Ohio,Bobcats,327f09e2-e75f-4014-8ef7-caf9202cd583,Mid-American,9f1cd1d6-fb03-493d-b278-b74ce25cc57b
Toledo,Rockets,34dd83ac-64f2-4b73-8577-899b2a46f5cc,Mid-American,9f1cd1d6-fb03-493d-b278-b74ce25cc57b
Kent State,Golden Flashes,3da4798c-2d58-4dac-b66e-ad145a91b544,Mid-American,9f1cd1d6-fb03-493d-b278-b74ce25cc57b
Northern Illinois,Huskies,3f0ac618-3742-471a-9d1f-03e08f3deca2,Mid-American,9f1cd1d6-fb03-493d-b278-b74ce25cc57b
Central Michigan,Chippewas,472c22e0-843d-472c-a871-f1593fb0725d,Mid-American,9f1cd1d6-fb03-493d-b278-b74ce25cc57b
Akron,Zips,56fe0ab2-e4f0-47b9-8726-9ce23ebcde20,Mid-American,9f1cd1d6-fb03-493d-b278-b74ce25cc57b
Bowling Green,Falcons,a9e4d292-d074-40e7-a81a-f9342929b979,Mid-American,9f1cd1d6-fb03-493d-b278-b74ce25cc57b
Buffalo,Bulls,a9f5c9a2-342c-4881-9996-5d5c05ec9bd9,Mid-American,9f1cd1d6-fb03-493d-b278-b74ce25cc57b
Western Michigan,Broncos,f2164f01-2cbc-4967-bb1c-93656d790921,Mid-American,9f1cd1d6-fb03-493d-b278-b74ce25cc57b
Purdue,Boilermakers,12d7f888-675b-459f-9099-a38f771d8a95,Big Ten,a30fe8ff-82d2-4521-bc8d-e08e6a9dbb52
Illinois,Fighting Illini,150148c2-ca8f-414f-8f41-d94a55d4a122,Big Ten,a30fe8ff-82d2-4521-bc8d-e08e6a9dbb52
Maryland,Terrapins,2778d005-cc14-4e58-9bf2-3fc37bffb62f,Big Ten,a30fe8ff-82d2-4521-bc8d-e08e6a9dbb52
Penn State,Nittany Lions,4aebd148-8119-4875-954c-66779867989b,Big Ten,a30fe8ff-82d2-4521-bc8d-e08e6a9dbb52
Northwestern,Wildcats,4b7dedc0-7b48-49a4-aad6-8a94a33274d2,Big Ten,a30fe8ff-82d2-4521-bc8d-e08e6a9dbb52
Ohio State,Buckeyes,857462b3-0ab6-4d26-9669-10ca354e382b,Big Ten,a30fe8ff-82d2-4521-bc8d-e08e6a9dbb52
Michigan State,Spartans,a41d5a05-4c11-4171-a57e-e7a1ea325a6d,Big Ten,a30fe8ff-82d2-4521-bc8d-e08e6a9dbb52
Rutgers,Scarlet Knights,b03bb029-4499-4a2c-9074-5071ed360b21,Big Ten,a30fe8ff-82d2-4521-bc8d-e08e6a9dbb52
Michigan,Wolverines,bdc2561d-f603-4fab-a262-f1d2af462277,Big Ten,a30fe8ff-82d2-4521-bc8d-e08e6a9dbb52
Iowa,Hawkeyes,c10544de-e3bd-4776-ba2e-83df8c017fd1,Big Ten,a30fe8ff-82d2-4521-bc8d-e08e6a9dbb52
Indiana,Hoosiers,c3f0a8ce-af67-497f-a750-3b859376b20a,Big Ten,a30fe8ff-82d2-4521-bc8d-e08e6a9dbb52
Wisconsin,Badgers,c7569eae-5b93-4197-b204-6f3a62146b25,Big Ten,a30fe8ff-82d2-4521-bc8d-e08e6a9dbb52
Nebraska,Cornhuskers,f8b1bf00-5b73-4ac4-98c0-ec554027ae32,Big Ten,a30fe8ff-82d2-4521-bc8d-e08e6a9dbb52
Minnesota,Golden Gophers,fa416692-7e09-4f0a-9bcf-0cf7d5149a14,Big Ten,a30fe8ff-82d2-4521-bc8d-e08e6a9dbb52
Maine,Black Bears,0095032d-6143-44f2-8974-f6815fc56c5b,America East,b11c69c8-e2cc-4a36-bd3b-80cdf91fef57
Vermont,Catamounts,18e89867-9201-41ce-ba19-fadddf92fa17,America East,b11c69c8-e2cc-4a36-bd3b-80cdf91fef57
Stony Brook,Seawolves,23426c0b-1705-4dfb-a0e2-efdbdd8fd6f6,America East,b11c69c8-e2cc-4a36-bd3b-80cdf91fef57
Albany,Great Danes,290a5130-836d-45e6-824f-28704d6ba246,America East,b11c69c8-e2cc-4a36-bd3b-80cdf91fef57
UMBC,Retrievers,32755362-6336-4dd3-ac34-6f72a6cc150b,America East,b11c69c8-e2cc-4a36-bd3b-80cdf91fef57
Massachusetts-Lowell,River Hawks,4927ef8b-e680-4fb8-b10e-2ea3eff32eab,America East,b11c69c8-e2cc-4a36-bd3b-80cdf91fef57
New Hampshire,Wildcats,93cb009e-5bbf-4081-b2c9-44028fe28096,America East,b11c69c8-e2cc-4a36-bd3b-80cdf91fef57
Hartford,Hawks,dba620d9-7282-4638-bf05-13caf48eeed1,America East,b11c69c8-e2cc-4a36-bd3b-80cdf91fef57
Binghamton,Bearcats,fa0f8282-c4f1-490e-962c-f25350cd76f4,America East,b11c69c8-e2cc-4a36-bd3b-80cdf91fef57
Sacred Heart,Pioneers,3556d445-b3f1-467e-b150-952b32dfb150,Northeast,b71a249a-9cb8-4bfd-8971-e7ca7bed6700
Wagner,Seahawks,3b644902-cd06-4930-9a3e-6c78cfb1f464,Northeast,b71a249a-9cb8-4bfd-8971-e7ca7bed6700
Mount St. Mary's,Mountaineers,5fe4a398-1699-4442-a364-305b2f0ac01e,Northeast,b71a249a-9cb8-4bfd-8971-e7ca7bed6700
Bryant University,Bulldogs,61dadefa-76bf-4db4-8067-f88df540b9cd,Northeast,b71a249a-9cb8-4bfd-8971-e7ca7bed6700
St. Francis (PA),Red Flash,6637ac5f-59c2-4888-af34-a86d138ccfb3,Northeast,b71a249a-9cb8-4bfd-8971-e7ca7bed6700
Robert Morris,Colonials,6906e22d-92fa-40cb-8c05-ec8391ac1979,Northeast,b71a249a-9cb8-4bfd-8971-e7ca7bed6700
LIU Brooklyn,Blackbirds,82c12e8d-7c6c-47d8-b100-3cbc190d268e,Northeast,b71a249a-9cb8-4bfd-8971-e7ca7bed6700
Central Connecticut State,Blue Devils,a93bf4f2-3724-4539-8c8a-9ac8ee3741a6,Northeast,b71a249a-9cb8-4bfd-8971-e7ca7bed6700
Fairleigh Dickinson,Knights,b71d5a1b-2671-4e5a-b94b-06bfb22a27dd,Northeast,b71a249a-9cb8-4bfd-8971-e7ca7bed6700
St. Francis (BKN),Terriers,e19cfc47-f23f-4c64-ba29-2e6d12dc45b2,Northeast,b71a249a-9cb8-4bfd-8971-e7ca7bed6700
Brown,Bears,558abf02-97f4-4323-aa99-63c076d35932,Ivy,c2d16439-b791-4f9b-84d9-80cf457a0676
Harvard,Crimson,5c7bf63f-bc39-43c5-9907-73b50b7a6b34,Ivy,c2d16439-b791-4f9b-84d9-80cf457a0676
Cornell,Big Red,88ff8c00-958e-4ccf-a21d-77fab9e93692,Ivy,c2d16439-b791-4f9b-84d9-80cf457a0676
Yale,Bulldogs,ca478771-aa3d-4231-81e0-b70f519134fb,Ivy,c2d16439-b791-4f9b-84d9-80cf457a0676
Columbia,Lions,ca74bd67-034c-4468-8487-6f983f5eb4f6,Ivy,c2d16439-b791-4f9b-84d9-80cf457a0676
Dartmouth,Big Green,d60357bd-1205-42e9-9092-d986a2843a34,Ivy,c2d16439-b791-4f9b-84d9-80cf457a0676
Pennsylvania,Quakers,e6c94452-1adf-4fb9-90e5-10f165c57c5a,Ivy,c2d16439-b791-4f9b-84d9-80cf457a0676
Princeton,Tigers,fe406882-9f22-495e-9df6-ef357a6803c6,Ivy,c2d16439-b791-4f9b-84d9-80cf457a0676
Delaware,Fightin Blue Hens,0affc15f-641d-4211-970d-fb9fb8d36842,Colonial,c56db9d1-604f-40ad-8a7f-c3b8abd16fca
Hofstra,Pride,36ca2008-cd2e-4549-8b3b-c745167e07f3,Colonial,c56db9d1-604f-40ad-8a7f-c3b8abd16fca
James Madison,Dukes,524e3eec-7dde-45c7-b3cc-6308cec73350,Colonial,c56db9d1-604f-40ad-8a7f-c3b8abd16fca
Towson,Tigers,6f3eec09-2918-4739-a0e8-5d79e14a8332,Colonial,c56db9d1-604f-40ad-8a7f-c3b8abd16fca
Charleston,Cougars,8548dacb-3636-48a8-8c46-611ab0c15fc0,Colonial,c56db9d1-604f-40ad-8a7f-c3b8abd16fca
Elon,Phoenix,8accb91e-6086-41b3-a420-7a82fa442365,Colonial,c56db9d1-604f-40ad-8a7f-c3b8abd16fca
Northeastern,Huskies,93df9b18-e9fc-42a7-bb45-a736c203b4dc,Colonial,c56db9d1-604f-40ad-8a7f-c3b8abd16fca
William & Mary,Tribe,ad24b724-a11c-4dcd-a68c-67c53833ccb7,Colonial,c56db9d1-604f-40ad-8a7f-c3b8abd16fca
North Carolina-Wilmington,Seahawks,c54279f9-3028-4663-893a-7d22482f8098,Colonial,c56db9d1-604f-40ad-8a7f-c3b8abd16fca
Drexel,Dragons,f2d01b77-0f5d-4574-9e49-2a3eaf822e44,Colonial,c56db9d1-604f-40ad-8a7f-c3b8abd16fca
Pepperdine,Waves,17479d6f-c8f1-458b-9412-8c76279a2bb4,West Coast,c664ceee-1dc0-4743-a6d8-11fbdfb87f61
Portland,Pilots,224e3b21-30e7-4a05-9e8c-62721d581db8,West Coast,c664ceee-1dc0-4743-a6d8-11fbdfb87f61
Santa Clara,Broncos,28023973-1d9d-4d01-b939-dc8f9b44fb1c,West Coast,c664ceee-1dc0-4743-a6d8-11fbdfb87f61
Gonzaga,Bulldogs,2f4d21f8-6d5f-48a5-abca-52a30583871a,West Coast,c664ceee-1dc0-4743-a6d8-11fbdfb87f61
Loyola Marymount,Lions,441a11b4-b506-45b3-8030-fe72a4381c40,West Coast,c664ceee-1dc0-4743-a6d8-11fbdfb87f61
San Diego,Toreros,620d5944-7156-47d3-aad5-5b3824557d03,West Coast,c664ceee-1dc0-4743-a6d8-11fbdfb87f61
Saint Mary's,Gaels,b18f34af-a7f1-4659-a2e5-fc11a31cd316,West Coast,c664ceee-1dc0-4743-a6d8-11fbdfb87f61
BYU,Cougars,c31455b2-8a45-4248-aa8f-ce7eab1c6b02,West Coast,c664ceee-1dc0-4743-a6d8-11fbdfb87f61
Pacific,Tigers,c9570e17-c4fd-41e6-908a-1a083941319d,West Coast,c664ceee-1dc0-4743-a6d8-11fbdfb87f61
San Francisco,Dons,d24efd99-8717-43b9-a086-9986a684ac04,West Coast,c664ceee-1dc0-4743-a6d8-11fbdfb87f61
Marquette,Golden Eagles,06f7c904-0ac7-4125-b0f4-f4871bb69057,Big East,d07bc93e-c84c-44a9-a99d-c213bd0014d6
Xavier,Musketeers,0d8a328f-20ce-410b-bed1-15fc01308aaf,Big East,d07bc93e-c84c-44a9-a99d-c213bd0014d6
Villanova,Wildcats,4383eb6a-7fd8-4ff2-94c5-43c933121e88,Big East,d07bc93e-c84c-44a9-a99d-c213bd0014d6
Providence,Friars,7d3b9c72-cbdd-4b64-9aa3-a5bde9b75fdc,Big East,d07bc93e-c84c-44a9-a99d-c213bd0014d6
Creighton,Bluejays,7d797407-623e-476d-b299-46de4275414d,Big East,d07bc93e-c84c-44a9-a99d-c213bd0014d6
Georgetown,Hoyas,8736b67f-5924-400b-bf94-3bd804c36600,Big East,d07bc93e-c84c-44a9-a99d-c213bd0014d6
Seton Hall,Pirates,aef5e386-d8e8-460c-8014-3a2f090fd988,Big East,d07bc93e-c84c-44a9-a99d-c213bd0014d6
Butler,Bulldogs,bdb7d7a4-45f8-4bf3-ab85-15488c451494,Big East,d07bc93e-c84c-44a9-a99d-c213bd0014d6
St. John's,Red Storm,c1f4aae1-aa16-4095-aeab-10e5c2a1236a,Big East,d07bc93e-c84c-44a9-a99d-c213bd0014d6
DePaul,Blue Demons,ee09e6ad-3872-4745-bbb9-ebbd5c6f8318,Big East,d07bc93e-c84c-44a9-a99d-c213bd0014d6
Saint Louis,Billikens,1e42cce3-236b-4f3e-9650-2c45e6332e1e,Atlantic 10,db136c00-f45b-4af6-bc7d-ffff216f2e5d
St. Bonaventure,Bonnies,22d90601-19d4-461b-a901-924d12f116ed,Atlantic 10,db136c00-f45b-4af6-bc7d-ffff216f2e5d
Davidson,Wildcats,2920c5fa-1e86-4958-a7c4-1e97b8e201d8,Atlantic 10,db136c00-f45b-4af6-bc7d-ffff216f2e5d
Dayton,Flyers,632616c5-2dbb-4017-a449-c9dfc303f026,Atlantic 10,db136c00-f45b-4af6-bc7d-ffff216f2e5d
Fordham,Rams,7888d144-563d-4f84-b99b-d120aecf1fef,Atlantic 10,db136c00-f45b-4af6-bc7d-ffff216f2e5d
Rhode Island,Rams,7e42bca2-3cd7-4aca-aa46-f190fe5d8eb4,Atlantic 10,db136c00-f45b-4af6-bc7d-ffff216f2e5d
Massachusetts,Minutemen,88104678-e53b-43b3-82f7-efb3a11cedb9,Atlantic 10,db136c00-f45b-4af6-bc7d-ffff216f2e5d
Richmond,Spiders,9b66e1e0-aace-4671-9be2-54c8acf5ecfc,Atlantic 10,db136c00-f45b-4af6-bc7d-ffff216f2e5d
La Salle,Explorers,ad9a3e21-4585-4e35-8946-290fe4a16f18,Atlantic 10,db136c00-f45b-4af6-bc7d-ffff216f2e5d
Virginia Commonwealth,Rams,c1c1e6df-a383-4fbd-ba7b-32d4f9ef9518,Atlantic 10,db136c00-f45b-4af6-bc7d-ffff216f2e5d
George Washington,Colonials,d52c3640-069c-4554-982e-e6537c8044f1,Atlantic 10,db136c00-f45b-4af6-bc7d-ffff216f2e5d
George Mason,Patriots,e76479d0-a768-46d2-89bf-7b9dae12bec8,Atlantic 10,db136c00-f45b-4af6-bc7d-ffff216f2e5d
Saint Joseph's (PA),Hawks,f9e4261e-d11d-46c4-bd33-c7bbc94ef0e8,Atlantic 10,db136c00-f45b-4af6-bc7d-ffff216f2e5d
Duquesne,Dukes,fea46ac5-6dad-43cd-a770-75554dbcc118,Atlantic 10,db136c00-f45b-4af6-bc7d-ffff216f2e5d
Canisius,Golden Griffins,0113eea0-c943-4fff-9780-ae0fb099e7ef,Metro Atlantic Athletic,ec86f5b1-17c7-470f-9bcd-b86f61b76945
Rider,Broncs,0b73b9b9-1e29-4b14-b5d8-0405fe942e32,Metro Atlantic Athletic,ec86f5b1-17c7-470f-9bcd-b86f61b76945
Marist,Red Foxes,15d31915-fbd6-4ae3-8e4b-f3b563c56a18,Metro Atlantic Athletic,ec86f5b1-17c7-470f-9bcd-b86f61b76945
Iona,Gaels,255c2a87-40c0-4989-bbb9-d286aac5d28e,Metro Atlantic Athletic,ec86f5b1-17c7-470f-9bcd-b86f61b76945
Monmouth,Hawks,3db7336c-c18a-441b-912e-e2a4408f12ea,Metro Atlantic Athletic,ec86f5b1-17c7-470f-9bcd-b86f61b76945
Quinnipiac,Bobcats,6a8d2a24-2128-47a0-913f-3d29e9d6592c,Metro Atlantic Athletic,ec86f5b1-17c7-470f-9bcd-b86f61b76945
Manhattan,Jaspers,7a270923-01d6-4a6f-a93e-e8786266d502,Metro Atlantic Athletic,ec86f5b1-17c7-470f-9bcd-b86f61b76945
Fairfield,Stags,a381465b-4530-4a00-a50c-5253cd7695a0,Metro Atlantic Athletic,ec86f5b1-17c7-470f-9bcd-b86f61b76945
Siena,Saints,aba39ad0-6d9f-4946-bf7e-5c63bf966ce6,Metro Atlantic Athletic,ec86f5b1-17c7-470f-9bcd-b86f61b76945
St. Peter's,Peacocks,e66d7ed2-9b4c-48c8-adaa-a276793b057d,Metro Atlantic Athletic,ec86f5b1-17c7-470f-9bcd-b86f61b76945
Niagara,Purple Eagles,f7575278-12ec-494a-b544-427c1759d43d,Metro Atlantic Athletic,ec86f5b1-17c7-470f-9bcd-b86f61b76945
